<?xml version="1.0" encoding="UTF-8"?>
<!-- IMPORTANT: This is an internal file that has been generated
     by the Xilinx ISE software.  Any direct editing or
     changes made to this file may result in unpredictable
     behavior or data corruption.  It is strongly advised that
     users do not edit the contents of this file. -->
<DeviceUsageSummary rev="18">
<DesignStatistics TimeStamp="Mon Apr 21 18:25:47 2014"><group name="NetStatistics">
<item name="NumNets_Active" rev="18">
<attrib name="value" value="698"/></item>
<item name="NumNets_Gnd" rev="18">
<attrib name="value" value="1"/></item>
<item name="NumNets_Vcc" rev="18">
<attrib name="value" value="1"/></item>
<item name="NumNodesOfType_Active_BOUNCEACROSS" rev="18">
<attrib name="value" value="66"/></item>
<item name="NumNodesOfType_Active_BOUNCEIN" rev="18">
<attrib name="value" value="388"/></item>
<item name="NumNodesOfType_Active_BUFGOUT" rev="18">
<attrib name="value" value="2"/></item>
<item name="NumNodesOfType_Active_CLKPIN" rev="18">
<attrib name="value" value="211"/></item>
<item name="NumNodesOfType_Active_CNTRLPIN" rev="18">
<attrib name="value" value="182"/></item>
<item name="NumNodesOfType_Active_DOUBLE" rev="18">
<attrib name="value" value="1881"/></item>
<item name="NumNodesOfType_Active_GENERIC" rev="18">
<attrib name="value" value="2"/></item>
<item name="NumNodesOfType_Active_GLOBAL" rev="18">
<attrib name="value" value="57"/></item>
<item name="NumNodesOfType_Active_HLONG" rev="18">
<attrib name="value" value="2"/></item>
<item name="NumNodesOfType_Active_INPUT" rev="18">
<attrib name="value" value="1717"/></item>
<item name="NumNodesOfType_Active_IOBIN2OUT" rev="18">
<attrib name="value" value="1"/></item>
<item name="NumNodesOfType_Active_IOBINPUT" rev="18">
<attrib name="value" value="1"/></item>
<item name="NumNodesOfType_Active_IOBOUTPUT" rev="18">
<attrib name="value" value="2"/></item>
<item name="NumNodesOfType_Active_OUTBOUND" rev="18">
<attrib name="value" value="725"/></item>
<item name="NumNodesOfType_Active_OUTPUT" rev="18">
<attrib name="value" value="725"/></item>
<item name="NumNodesOfType_Active_PADINPUT" rev="18">
<attrib name="value" value="1"/></item>
<item name="NumNodesOfType_Active_PADOUTPUT" rev="18">
<attrib name="value" value="1"/></item>
<item name="NumNodesOfType_Active_PENT" rev="18">
<attrib name="value" value="346"/></item>
<item name="NumNodesOfType_Active_PINBOUNCE" rev="18">
<attrib name="value" value="1022"/></item>
<item name="NumNodesOfType_Active_PINFEED" rev="18">
<attrib name="value" value="2090"/></item>
<item name="NumNodesOfType_Active_VLONG" rev="18">
<attrib name="value" value="4"/></item>
<item name="NumNodesOfType_Gnd_BOUNCEACROSS" rev="18">
<attrib name="value" value="8"/></item>
<item name="NumNodesOfType_Gnd_BOUNCEIN" rev="18">
<attrib name="value" value="71"/></item>
<item name="NumNodesOfType_Gnd_HGNDOUT" rev="18">
<attrib name="value" value="55"/></item>
<item name="NumNodesOfType_Gnd_INPUT" rev="18">
<attrib name="value" value="188"/></item>
<item name="NumNodesOfType_Gnd_PINBOUNCE" rev="18">
<attrib name="value" value="134"/></item>
<item name="NumNodesOfType_Gnd_PINFEED" rev="18">
<attrib name="value" value="188"/></item>
<item name="NumNodesOfType_Vcc_BOUNCEIN" rev="18">
<attrib name="value" value="4"/></item>
<item name="NumNodesOfType_Vcc_CLKPIN" rev="18">
<attrib name="value" value="4"/></item>
<item name="NumNodesOfType_Vcc_CNTRLPIN" rev="18">
<attrib name="value" value="20"/></item>
<item name="NumNodesOfType_Vcc_HVCCOUT" rev="18">
<attrib name="value" value="2"/></item>
<item name="NumNodesOfType_Vcc_INPUT" rev="18">
<attrib name="value" value="507"/></item>
<item name="NumNodesOfType_Vcc_KVCCOUT" rev="18">
<attrib name="value" value="74"/></item>
<item name="NumNodesOfType_Vcc_PINBOUNCE" rev="18">
<attrib name="value" value="41"/></item>
<item name="NumNodesOfType_Vcc_PINFEED" rev="18">
<attrib name="value" value="531"/></item>
</group>
<group name="SiteStatistics">
<item name="BUFG-BUFGCTRL" rev="18">
<attrib name="value" value="2"/></item>
<item name="IOB-IOBM" rev="18">
<attrib name="value" value="1"/></item>
<item name="IOB-IOBS" rev="18">
<attrib name="value" value="1"/></item>
<item name="RAMB18X2-RAMBFIFO36" rev="18">
<attrib name="value" value="1"/></item>
<item name="RAMB36_EXP-RAMBFIFO36" rev="18">
<attrib name="value" value="1"/></item>
<item name="SLICEL-SLICEM" rev="18">
<attrib name="value" value="60"/></item>
</group>
<group name="MiscellaneousStatistics">
<item name="AGG_BONDED_IO" rev="17">
<attrib name="value" value="2"/></item>
<item name="AGG_IO" rev="17">
<attrib name="value" value="2"/></item>
<item name="AGG_LOCED_IO" rev="17">
<attrib name="value" value="2"/></item>
<item name="AGG_SLICE" rev="17">
<attrib name="value" value="276"/></item>
<item name="NUM_BONDED_IOB" rev="17">
<attrib name="value" value="2"/></item>
<item name="NUM_BSCAN" rev="17">
<attrib name="value" value="1"/></item>
<item name="NUM_BSFULL" rev="17">
<attrib name="value" value="167"/></item>
<item name="NUM_BSLUTONLY" rev="17">
<attrib name="value" value="219"/></item>
<item name="NUM_BSREGONLY" rev="17">
<attrib name="value" value="296"/></item>
<item name="NUM_BSUSED" rev="17">
<attrib name="value" value="682"/></item>
<item name="NUM_BUFG" rev="17">
<attrib name="value" value="2"/></item>
<item name="NUM_IOB_FF" rev="17">
<attrib name="value" value="1"/></item>
<item name="NUM_LOCED_IOB" rev="17">
<attrib name="value" value="2"/></item>
<item name="NUM_LOGIC_O5ANDO6" rev="17">
<attrib name="value" value="7"/></item>
<item name="NUM_LOGIC_O5ONLY" rev="17">
<attrib name="value" value="51"/></item>
<item name="NUM_LOGIC_O6ONLY" rev="17">
<attrib name="value" value="208"/></item>
<item name="NUM_LUT_RT_EXO6" rev="17">
<attrib name="value" value="9"/></item>
<item name="NUM_LUT_RT_O5ANDO6" rev="17">
<attrib name="value" value="1"/></item>
<item name="NUM_LUT_RT_O6" rev="17">
<attrib name="value" value="51"/></item>
<item name="NUM_OLOGIC" rev="17">
<attrib name="value" value="1"/></item>
<item name="NUM_RAMB18X2" rev="17">
<attrib name="value" value="1"/></item>
<item name="NUM_RAMB18X2_LOWER" rev="17">
<attrib name="value" value="1"/></item>
<item name="NUM_RAMB36_EXP" rev="17">
<attrib name="value" value="1"/></item>
<item name="NUM_RPM" rev="17">
<attrib name="value" value="14"/></item>
<item name="NUM_SLICEL" rev="17">
<attrib name="value" value="236"/></item>
<item name="NUM_SLICEM" rev="17">
<attrib name="value" value="40"/></item>
<item name="NUM_SLICE_CARRY4" rev="17">
<attrib name="value" value="40"/></item>
<item name="NUM_SLICE_CONTROLSET" rev="17">
<attrib name="value" value="73"/></item>
<item name="NUM_SLICE_CYINIT" rev="17">
<attrib name="value" value="462"/></item>
<item name="NUM_SLICE_F7MUX" rev="17">
<attrib name="value" value="39"/></item>
<item name="NUM_SLICE_F8MUX" rev="17">
<attrib name="value" value="2"/></item>
<item name="NUM_SLICE_FF" rev="17">
<attrib name="value" value="462"/></item>
<item name="NUM_SLICE_LATCH" rev="17">
<attrib name="value" value="1"/></item>
<item name="NUM_SLICE_UNUSEDCTRL" rev="17">
<attrib name="value" value="74"/></item>
<item name="NUM_SRL_O5ONLY" rev="17">
<attrib name="value" value="1"/></item>
<item name="NUM_SRL_O6ONLY" rev="17">
<attrib name="value" value="109"/></item>
<item name="NUM_UNUSABLE_FF_BELS" rev="17">
<attrib name="value" value="131"/></item>
<item name="Xilinx Core blk_mem_gen_v4_2, Xilinx CORE Generator 12.2" rev="17">
<attrib name="value" value="1"/></item>
<item name="Xilinx Core chipscope_icon_v1_04_a, Xilinx CORE Generator 12.2" rev="17">
<attrib name="value" value="1"/></item>
<item name="Xilinx Core chipscope_ila_v1_03_a, Xilinx CORE Generator 12.2" rev="17">
<attrib name="value" value="1"/></item>
</group>
</DesignStatistics>
<DeviceUsage TimeStamp="Mon Apr 21 18:25:47 2014"><group name="SiteSummary">
<item name="BSCAN" rev="18">
<attrib name="total" value="1000000"/><attrib name="used" value="1"/></item>
<item name="BSCAN_BSCAN" rev="18">
<attrib name="total" value="1000000"/><attrib name="used" value="1"/></item>
<item name="BUFG" rev="18">
<attrib name="total" value="1000000"/><attrib name="used" value="2"/></item>
<item name="BUFG_BUFG" rev="18">
<attrib name="total" value="1000000"/><attrib name="used" value="2"/></item>
<item name="IOB" rev="18">
<attrib name="total" value="1000000"/><attrib name="used" value="2"/></item>
<item name="IOB_INBUF" rev="18">
<attrib name="total" value="1000000"/><attrib name="used" value="1"/></item>
<item name="IOB_OUTBUF" rev="18">
<attrib name="total" value="1000000"/><attrib name="used" value="1"/></item>
<item name="IOB_PAD" rev="18">
<attrib name="total" value="1000000"/><attrib name="used" value="2"/></item>
<item name="OLOGIC" rev="18">
<attrib name="total" value="1000000"/><attrib name="used" value="1"/></item>
<item name="OLOGIC_OUTFF" rev="18">
<attrib name="total" value="1000000"/><attrib name="used" value="1"/></item>
<item name="RAMB18X2" rev="18">
<attrib name="total" value="1000000"/><attrib name="used" value="1"/></item>
<item name="RAMB18X2_RAMB18X2_LOWER" rev="18">
<attrib name="total" value="1000000"/><attrib name="used" value="1"/></item>
<item name="RAMB36_EXP" rev="18">
<attrib name="total" value="1000000"/><attrib name="used" value="1"/></item>
<item name="RAMB36_EXP_RAMB36_EXP" rev="18">
<attrib name="total" value="1000000"/><attrib name="used" value="1"/></item>
<item name="SLICEL" rev="18">
<attrib name="total" value="1000000"/><attrib name="used" value="236"/></item>
<item name="SLICEL_A5LUT" rev="18">
<attrib name="total" value="1000000"/><attrib name="used" value="20"/></item>
<item name="SLICEL_A6LUT" rev="18">
<attrib name="total" value="1000000"/><attrib name="used" value="100"/></item>
<item name="SLICEL_AFF" rev="18">
<attrib name="total" value="1000000"/><attrib name="used" value="130"/></item>
<item name="SLICEL_B5LUT" rev="18">
<attrib name="total" value="1000000"/><attrib name="used" value="14"/></item>
<item name="SLICEL_B6LUT" rev="18">
<attrib name="total" value="1000000"/><attrib name="used" value="68"/></item>
<item name="SLICEL_BFF" rev="18">
<attrib name="total" value="1000000"/><attrib name="used" value="103"/></item>
<item name="SLICEL_C5LUT" rev="18">
<attrib name="total" value="1000000"/><attrib name="used" value="13"/></item>
<item name="SLICEL_C6LUT" rev="18">
<attrib name="total" value="1000000"/><attrib name="used" value="47"/></item>
<item name="SLICEL_CARRY4" rev="18">
<attrib name="total" value="1000000"/><attrib name="used" value="31"/></item>
<item name="SLICEL_CFF" rev="18">
<attrib name="total" value="1000000"/><attrib name="used" value="87"/></item>
<item name="SLICEL_CYINITGND" rev="18">
<attrib name="total" value="1000000"/><attrib name="used" value="1"/></item>
<item name="SLICEL_CYINITVCC" rev="18">
<attrib name="total" value="1000000"/><attrib name="used" value="7"/></item>
<item name="SLICEL_D5LUT" rev="18">
<attrib name="total" value="1000000"/><attrib name="used" value="12"/></item>
<item name="SLICEL_D6LUT" rev="18">
<attrib name="total" value="1000000"/><attrib name="used" value="57"/></item>
<item name="SLICEL_DFF" rev="18">
<attrib name="total" value="1000000"/><attrib name="used" value="94"/></item>
<item name="SLICEL_F7AMUX" rev="18">
<attrib name="total" value="1000000"/><attrib name="used" value="17"/></item>
<item name="SLICEL_F7BMUX" rev="18">
<attrib name="total" value="1000000"/><attrib name="used" value="14"/></item>
<item name="SLICEM" rev="18">
<attrib name="total" value="1000000"/><attrib name="used" value="40"/></item>
<item name="SLICEM_A6LUT" rev="18">
<attrib name="total" value="1000000"/><attrib name="used" value="39"/></item>
<item name="SLICEM_AFF" rev="18">
<attrib name="total" value="1000000"/><attrib name="used" value="20"/></item>
<item name="SLICEM_B5LUT" rev="18">
<attrib name="total" value="1000000"/><attrib name="used" value="1"/></item>
<item name="SLICEM_B6LUT" rev="18">
<attrib name="total" value="1000000"/><attrib name="used" value="29"/></item>
<item name="SLICEM_BFF" rev="18">
<attrib name="total" value="1000000"/><attrib name="used" value="14"/></item>
<item name="SLICEM_C6LUT" rev="18">
<attrib name="total" value="1000000"/><attrib name="used" value="24"/></item>
<item name="SLICEM_CARRY4" rev="18">
<attrib name="total" value="1000000"/><attrib name="used" value="9"/></item>
<item name="SLICEM_CFF" rev="18">
<attrib name="total" value="1000000"/><attrib name="used" value="8"/></item>
<item name="SLICEM_CYINITVCC" rev="18">
<attrib name="total" value="1000000"/><attrib name="used" value="9"/></item>
<item name="SLICEM_D6LUT" rev="18">
<attrib name="total" value="1000000"/><attrib name="used" value="21"/></item>
<item name="SLICEM_DFF" rev="18">
<attrib name="total" value="1000000"/><attrib name="used" value="7"/></item>
<item name="SLICEM_F7AMUX" rev="18">
<attrib name="total" value="1000000"/><attrib name="used" value="5"/></item>
<item name="SLICEM_F7BMUX" rev="18">
<attrib name="total" value="1000000"/><attrib name="used" value="3"/></item>
<item name="SLICEM_F8MUX" rev="18">
<attrib name="total" value="1000000"/><attrib name="used" value="2"/></item>
</group>
</DeviceUsage>
<ReportConfigData TimeStamp="Mon Apr 21 18:25:47 2014"><group name="SLICEL_CFF">
<item name="CFFINIT" rev="18">
<attrib name="INIT0" value="44"/><attrib name="INIT1" value="43"/></item>
<item name="CFFSR" rev="18">
<attrib name="SRLOW" value="60"/><attrib name="SRHIGH" value="27"/></item>
<item name="CK" rev="18">
<attrib name="CK" value="87"/><attrib name="CK_INV" value="0"/></item>
<item name="LATCH_OR_FF" rev="18">
<attrib name="FF" value="87"/></item>
<item name="SYNC_ATTR" rev="18">
<attrib name="ASYNC" value="61"/><attrib name="SYNC" value="26"/></item>
</group>
<group name="SLICEM_B6LUT">
<item name="B6RAMMODE" rev="18">
<attrib name="SRL16" value="14"/><attrib name="SRL32" value="15"/></item>
<item name="CLK" rev="18">
<attrib name="CLK" value="29"/><attrib name="CLK_INV" value="0"/></item>
<item name="LUT_OR_MEM" rev="18">
<attrib name="RAM" value="29"/></item>
</group>
<group name="SLICEM_BFF">
<item name="BFFINIT" rev="18">
<attrib name="INIT0" value="14"/></item>
<item name="BFFSR" rev="18">
<attrib name="SRLOW" value="14"/></item>
<item name="CK" rev="18">
<attrib name="CK" value="14"/><attrib name="CK_INV" value="0"/></item>
<item name="LATCH_OR_FF" rev="18">
<attrib name="FF" value="14"/></item>
<item name="SYNC_ATTR" rev="18">
<attrib name="ASYNC" value="14"/></item>
</group>
<group name="SLICEL_DFF">
<item name="CK" rev="18">
<attrib name="CK" value="94"/><attrib name="CK_INV" value="0"/></item>
<item name="DFFINIT" rev="18">
<attrib name="INIT0" value="50"/><attrib name="INIT1" value="44"/></item>
<item name="DFFSR" rev="18">
<attrib name="SRLOW" value="65"/><attrib name="SRHIGH" value="29"/></item>
<item name="LATCH_OR_FF" rev="18">
<attrib name="FF" value="94"/></item>
<item name="SYNC_ATTR" rev="18">
<attrib name="ASYNC" value="63"/><attrib name="SYNC" value="31"/></item>
</group>
<group name="SLICEM_A5LUT">
<item name="A5RAMMODE" rev="16">
<attrib name="DPRAM32" value="3"/></item>
<item name="CLK" rev="16">
<attrib name="CLK" value="3"/><attrib name="CLK_INV" value="0"/></item>
<item name="LUT_OR_MEM" rev="16">
<attrib name="RAM" value="3"/></item>
</group>
<group name="SLICEL">
<item name="CLK" rev="18">
<attrib name="CLK" value="161"/><attrib name="CLK_INV" value="1"/></item>
</group>
<group name="SLICEM">
<item name="CLK" rev="18">
<attrib name="CLK" value="40"/><attrib name="CLK_INV" value="0"/></item>
</group>
<group name="SLICEM_CFF">
<item name="CFFINIT" rev="18">
<attrib name="INIT0" value="8"/></item>
<item name="CFFSR" rev="18">
<attrib name="SRLOW" value="8"/></item>
<item name="CK" rev="18">
<attrib name="CK" value="8"/><attrib name="CK_INV" value="0"/></item>
<item name="LATCH_OR_FF" rev="18">
<attrib name="FF" value="8"/></item>
<item name="SYNC_ATTR" rev="18">
<attrib name="ASYNC" value="8"/></item>
</group>
<group name="OLOGIC_OUTFF">
<item name="CK" rev="18">
<attrib name="CK" value="1"/><attrib name="CK_INV" value="0"/></item>
<item name="D1" rev="18">
<attrib name="D1" value="1"/><attrib name="D1_INV" value="0"/></item>
<item name="INIT_OQ" rev="18">
<attrib name="0" value="1"/></item>
<item name="OUTFFTYPE" rev="18">
<attrib name="FF" value="1"/></item>
</group>
<group name="SLICEM_C6LUT">
<item name="C6RAMMODE" rev="18">
<attrib name="SRL16" value="10"/><attrib name="SRL32" value="12"/></item>
<item name="CLK" rev="18">
<attrib name="CLK" value="22"/><attrib name="CLK_INV" value="0"/></item>
<item name="LUT_OR_MEM" rev="18">
<attrib name="LUT" value="2"/><attrib name="RAM" value="22"/></item>
</group>
<group name="RAMB18X2">
<item name="CLKAL" rev="18">
<attrib name="CLKAL_INV" value="0"/><attrib name="CLKAL" value="1"/></item>
<item name="CLKBL" rev="18">
<attrib name="CLKBL" value="1"/><attrib name="CLKBL_INV" value="0"/></item>
<item name="ENAL" rev="18">
<attrib name="ENAL_INV" value="0"/><attrib name="ENAL" value="1"/></item>
<item name="ENBL" rev="18">
<attrib name="ENBL_INV" value="0"/><attrib name="ENBL" value="1"/></item>
<item name="REGCLKAL" rev="18">
<attrib name="REGCLKAL_INV" value="0"/><attrib name="REGCLKAL" value="1"/></item>
<item name="REGCLKBL" rev="18">
<attrib name="REGCLKBL_INV" value="0"/><attrib name="REGCLKBL" value="1"/></item>
<item name="SSRAL" rev="18">
<attrib name="SSRAL" value="1"/><attrib name="SSRAL_INV" value="0"/></item>
<item name="SSRBL" rev="18">
<attrib name="SSRBL" value="1"/><attrib name="SSRBL_INV" value="0"/></item>
</group>
<group name="SLICEM_DFF">
<item name="CK" rev="18">
<attrib name="CK" value="7"/><attrib name="CK_INV" value="0"/></item>
<item name="DFFINIT" rev="18">
<attrib name="INIT0" value="7"/></item>
<item name="DFFSR" rev="18">
<attrib name="SRLOW" value="7"/></item>
<item name="LATCH_OR_FF" rev="18">
<attrib name="FF" value="7"/></item>
<item name="SYNC_ATTR" rev="18">
<attrib name="ASYNC" value="7"/></item>
</group>
<group name="SLICEM_B5LUT">
<item name="B5RAMMODE" rev="18">
<attrib name="SRL16" value="1"/></item>
<item name="CLK" rev="18">
<attrib name="CLK" value="1"/><attrib name="CLK_INV" value="0"/></item>
<item name="LUT_OR_MEM" rev="18">
<attrib name="RAM" value="1"/></item>
</group>
<group name="BSCAN_BSCAN">
<item name="JTAG_CHAIN" rev="18">
<attrib name="1" value="1"/></item>
</group>
<group name="RAMB36_EXP_RAMB36_EXP">
<item name="CLKAL" rev="18">
<attrib name="CLKAL_INV" value="0"/><attrib name="CLKAL" value="1"/></item>
<item name="CLKAU" rev="18">
<attrib name="CLKAU" value="1"/><attrib name="CLKAU_INV" value="0"/></item>
<item name="CLKBL" rev="18">
<attrib name="CLKBL" value="1"/><attrib name="CLKBL_INV" value="0"/></item>
<item name="CLKBU" rev="18">
<attrib name="CLKBU" value="1"/><attrib name="CLKBU_INV" value="0"/></item>
<item name="DOA_REG" rev="18">
<attrib name="0" value="1"/></item>
<item name="DOB_REG" rev="18">
<attrib name="0" value="1"/></item>
<item name="ENAL" rev="18">
<attrib name="ENAL_INV" value="0"/><attrib name="ENAL" value="1"/></item>
<item name="ENAU" rev="18">
<attrib name="ENAU_INV" value="0"/><attrib name="ENAU" value="1"/></item>
<item name="ENBL" rev="18">
<attrib name="ENBL_INV" value="0"/><attrib name="ENBL" value="1"/></item>
<item name="ENBU" rev="18">
<attrib name="ENBU_INV" value="0"/><attrib name="ENBU" value="1"/></item>
<item name="RAM_EXTENSION_A" rev="18">
<attrib name="NONE" value="1"/></item>
<item name="RAM_EXTENSION_B" rev="18">
<attrib name="NONE" value="1"/></item>
<item name="READ_WIDTH_A" rev="18">
<attrib name="18" value="1"/></item>
<item name="READ_WIDTH_B" rev="18">
<attrib name="36" value="1"/></item>
<item name="REGCLKAL" rev="18">
<attrib name="REGCLKAL_INV" value="1"/><attrib name="REGCLKAL" value="0"/></item>
<item name="REGCLKAU" rev="18">
<attrib name="REGCLKAU_INV" value="1"/><attrib name="REGCLKAU" value="0"/></item>
<item name="REGCLKBL" rev="18">
<attrib name="REGCLKBL_INV" value="1"/><attrib name="REGCLKBL" value="0"/></item>
<item name="REGCLKBU" rev="18">
<attrib name="REGCLKBU" value="0"/><attrib name="REGCLKBU_INV" value="1"/></item>
<item name="SAVEDATA" rev="18">
<attrib name="FALSE" value="1"/></item>
<item name="SSRAL" rev="18">
<attrib name="SSRAL" value="1"/><attrib name="SSRAL_INV" value="0"/></item>
<item name="SSRAU" rev="18">
<attrib name="SSRAU" value="1"/><attrib name="SSRAU_INV" value="0"/></item>
<item name="SSRBL" rev="18">
<attrib name="SSRBL" value="1"/><attrib name="SSRBL_INV" value="0"/></item>
<item name="SSRBU" rev="18">
<attrib name="SSRBU" value="1"/><attrib name="SSRBU_INV" value="0"/></item>
<item name="WRITE_MODE_A" rev="18">
<attrib name="WRITE_FIRST" value="1"/></item>
<item name="WRITE_MODE_B" rev="18">
<attrib name="WRITE_FIRST" value="1"/></item>
<item name="WRITE_WIDTH_A" rev="18">
<attrib name="18" value="1"/></item>
<item name="WRITE_WIDTH_B" rev="18">
<attrib name="36" value="1"/></item>
</group>
<group name="SLICEM_D6LUT">
<item name="CLK" rev="18">
<attrib name="CLK" value="19"/><attrib name="CLK_INV" value="0"/></item>
<item name="D6RAMMODE" rev="18">
<attrib name="SRL16" value="17"/><attrib name="SRL32" value="2"/></item>
<item name="LUT_OR_MEM" rev="18">
<attrib name="LUT" value="2"/><attrib name="RAM" value="19"/></item>
</group>
<group name="SLICEM_C5LUT">
<item name="C5RAMMODE" rev="16">
<attrib name="DPRAM32" value="3"/></item>
<item name="CLK" rev="16">
<attrib name="CLK" value="3"/><attrib name="CLK_INV" value="0"/></item>
<item name="LUT_OR_MEM" rev="16">
<attrib name="RAM" value="3"/></item>
</group>
<group name="RAMB18X2_RAMB18X2_LOWER">
<item name="CLKAL" rev="18">
<attrib name="CLKAL_INV" value="0"/><attrib name="CLKAL" value="1"/></item>
<item name="CLKBL" rev="18">
<attrib name="CLKBL" value="1"/><attrib name="CLKBL_INV" value="0"/></item>
<item name="DOA_REG_L" rev="18">
<attrib name="0" value="1"/></item>
<item name="DOB_REG_L" rev="18">
<attrib name="0" value="1"/></item>
<item name="ENAL" rev="18">
<attrib name="ENAL_INV" value="0"/><attrib name="ENAL" value="1"/></item>
<item name="ENBL" rev="18">
<attrib name="ENBL_INV" value="0"/><attrib name="ENBL" value="1"/></item>
<item name="READ_WIDTH_A_L" rev="18">
<attrib name="9" value="1"/></item>
<item name="READ_WIDTH_B_L" rev="18">
<attrib name="18" value="1"/></item>
<item name="REGCLKAL" rev="18">
<attrib name="REGCLKAL_INV" value="0"/><attrib name="REGCLKAL" value="1"/></item>
<item name="REGCLKBL" rev="18">
<attrib name="REGCLKBL_INV" value="0"/><attrib name="REGCLKBL" value="1"/></item>
<item name="SAVEDATA_L" rev="18">
<attrib name="FALSE" value="1"/></item>
<item name="SSRAL" rev="18">
<attrib name="SSRAL" value="1"/><attrib name="SSRAL_INV" value="0"/></item>
<item name="SSRBL" rev="18">
<attrib name="SSRBL" value="1"/><attrib name="SSRBL_INV" value="0"/></item>
<item name="WRITE_MODE_A_L" rev="18">
<attrib name="WRITE_FIRST" value="1"/></item>
<item name="WRITE_MODE_B_L" rev="18">
<attrib name="WRITE_FIRST" value="1"/></item>
<item name="WRITE_WIDTH_A_L" rev="18">
<attrib name="9" value="1"/></item>
<item name="WRITE_WIDTH_B_L" rev="18">
<attrib name="18" value="1"/></item>
</group>
<group name="SLICEL_AFF">
<item name="AFFINIT" rev="18">
<attrib name="INIT0" value="73"/><attrib name="INIT1" value="57"/></item>
<item name="AFFSR" rev="18">
<attrib name="SRLOW" value="92"/><attrib name="SRHIGH" value="38"/></item>
<item name="CK" rev="18">
<attrib name="CK" value="129"/><attrib name="CK_INV" value="1"/></item>
<item name="LATCH_OR_FF" rev="18">
<attrib name="FF" value="129"/><attrib name="LATCH" value="1"/></item>
<item name="SYNC_ATTR" rev="18">
<attrib name="ASYNC" value="73"/><attrib name="SYNC" value="57"/></item>
</group>
<group name="SLICEM_A6LUT">
<item name="A6RAMMODE" rev="18">
<attrib name="SRL16" value="24"/><attrib name="SRL32" value="15"/></item>
<item name="CLK" rev="18">
<attrib name="CLK" value="39"/><attrib name="CLK_INV" value="0"/></item>
<item name="LUT_OR_MEM" rev="18">
<attrib name="RAM" value="39"/></item>
</group>
<group name="OLOGIC">
<item name="CLK" rev="18">
<attrib name="CLK" value="1"/><attrib name="CLK_INV" value="0"/></item>
<item name="D1" rev="18">
<attrib name="D1" value="1"/><attrib name="D1_INV" value="0"/></item>
</group>
<group name="SLICEM_D5LUT">
<item name="CLK" rev="16">
<attrib name="CLK" value="3"/><attrib name="CLK_INV" value="0"/></item>
<item name="D5RAMMODE" rev="16">
<attrib name="DPRAM32" value="3"/></item>
<item name="LUT_OR_MEM" rev="16">
<attrib name="RAM" value="3"/></item>
</group>
<group name="SLICEL_BFF">
<item name="BFFINIT" rev="18">
<attrib name="INIT0" value="57"/><attrib name="INIT1" value="46"/></item>
<item name="BFFSR" rev="18">
<attrib name="SRLOW" value="74"/><attrib name="SRHIGH" value="29"/></item>
<item name="CK" rev="18">
<attrib name="CK" value="103"/><attrib name="CK_INV" value="0"/></item>
<item name="LATCH_OR_FF" rev="18">
<attrib name="FF" value="103"/></item>
<item name="SYNC_ATTR" rev="18">
<attrib name="ASYNC" value="66"/><attrib name="SYNC" value="37"/></item>
</group>
<group name="RAMB36_EXP">
<item name="CLKAL" rev="18">
<attrib name="CLKAL_INV" value="0"/><attrib name="CLKAL" value="1"/></item>
<item name="CLKAU" rev="18">
<attrib name="CLKAU" value="1"/><attrib name="CLKAU_INV" value="0"/></item>
<item name="CLKBL" rev="18">
<attrib name="CLKBL" value="1"/><attrib name="CLKBL_INV" value="0"/></item>
<item name="CLKBU" rev="18">
<attrib name="CLKBU" value="1"/><attrib name="CLKBU_INV" value="0"/></item>
<item name="ENAL" rev="18">
<attrib name="ENAL_INV" value="0"/><attrib name="ENAL" value="1"/></item>
<item name="ENAU" rev="18">
<attrib name="ENAU_INV" value="0"/><attrib name="ENAU" value="1"/></item>
<item name="ENBL" rev="18">
<attrib name="ENBL_INV" value="0"/><attrib name="ENBL" value="1"/></item>
<item name="ENBU" rev="18">
<attrib name="ENBU_INV" value="0"/><attrib name="ENBU" value="1"/></item>
<item name="REGCLKAL" rev="18">
<attrib name="REGCLKAL_INV" value="1"/><attrib name="REGCLKAL" value="0"/></item>
<item name="REGCLKAU" rev="18">
<attrib name="REGCLKAU_INV" value="1"/><attrib name="REGCLKAU" value="0"/></item>
<item name="REGCLKBL" rev="18">
<attrib name="REGCLKBL_INV" value="1"/><attrib name="REGCLKBL" value="0"/></item>
<item name="REGCLKBU" rev="18">
<attrib name="REGCLKBU" value="0"/><attrib name="REGCLKBU_INV" value="1"/></item>
<item name="SSRAL" rev="18">
<attrib name="SSRAL" value="1"/><attrib name="SSRAL_INV" value="0"/></item>
<item name="SSRAU" rev="18">
<attrib name="SSRAU" value="1"/><attrib name="SSRAU_INV" value="0"/></item>
<item name="SSRBL" rev="18">
<attrib name="SSRBL" value="1"/><attrib name="SSRBL_INV" value="0"/></item>
<item name="SSRBU" rev="18">
<attrib name="SSRBU" value="1"/><attrib name="SSRBU_INV" value="0"/></item>
</group>
<group name="SLICEM_AFF">
<item name="AFFINIT" rev="18">
<attrib name="INIT0" value="20"/></item>
<item name="AFFSR" rev="18">
<attrib name="SRLOW" value="20"/></item>
<item name="CK" rev="18">
<attrib name="CK" value="20"/><attrib name="CK_INV" value="0"/></item>
<item name="LATCH_OR_FF" rev="18">
<attrib name="FF" value="20"/></item>
<item name="SYNC_ATTR" rev="18">
<attrib name="ASYNC" value="20"/></item>
</group>
</ReportConfigData>
<ReportPinData TimeStamp="Mon Apr 21 18:25:47 2014"><group name="SLICEL_CFF">
<item name="CE" rev="18">
<attrib name="value" value="30"/></item>
<item name="CK" rev="18">
<attrib name="value" value="87"/></item>
<item name="D" rev="18">
<attrib name="value" value="87"/></item>
<item name="Q" rev="18">
<attrib name="value" value="87"/></item>
<item name="SR" rev="18">
<attrib name="value" value="55"/></item>
</group>
<group name="SLICEM_B6LUT">
<item name="A1" rev="18">
<attrib name="value" value="29"/></item>
<item name="A2" rev="18">
<attrib name="value" value="29"/></item>
<item name="A3" rev="18">
<attrib name="value" value="29"/></item>
<item name="A4" rev="18">
<attrib name="value" value="29"/></item>
<item name="A5" rev="18">
<attrib name="value" value="29"/></item>
<item name="A6" rev="18">
<attrib name="value" value="29"/></item>
<item name="CLK" rev="18">
<attrib name="value" value="29"/></item>
<item name="DI1" rev="18">
<attrib name="value" value="15"/></item>
<item name="DI2" rev="18">
<attrib name="value" value="14"/></item>
<item name="MC31" rev="18">
<attrib name="value" value="15"/></item>
<item name="O6" rev="18">
<attrib name="value" value="29"/></item>
<item name="WE" rev="18">
<attrib name="value" value="29"/></item>
</group>
<group name="SLICEL_B6LUT">
<item name="A1" rev="18">
<attrib name="value" value="20"/></item>
<item name="A2" rev="18">
<attrib name="value" value="28"/></item>
<item name="A3" rev="18">
<attrib name="value" value="36"/></item>
<item name="A4" rev="18">
<attrib name="value" value="59"/></item>
<item name="A5" rev="18">
<attrib name="value" value="50"/></item>
<item name="A6" rev="18">
<attrib name="value" value="62"/></item>
<item name="O6" rev="18">
<attrib name="value" value="68"/></item>
</group>
<group name="SLICEL_CARRY4">
<item name="CIN" rev="18">
<attrib name="value" value="22"/></item>
<item name="CO0" rev="18">
<attrib name="value" value="9"/></item>
<item name="CO3" rev="18">
<attrib name="value" value="13"/></item>
<item name="CYINIT" rev="18">
<attrib name="value" value="9"/></item>
<item name="DI0" rev="18">
<attrib name="value" value="21"/></item>
<item name="DI1" rev="18">
<attrib name="value" value="16"/></item>
<item name="DI2" rev="18">
<attrib name="value" value="15"/></item>
<item name="DI3" rev="18">
<attrib name="value" value="13"/></item>
<item name="O0" rev="18">
<attrib name="value" value="22"/></item>
<item name="O1" rev="18">
<attrib name="value" value="21"/></item>
<item name="O2" rev="18">
<attrib name="value" value="16"/></item>
<item name="O3" rev="18">
<attrib name="value" value="15"/></item>
<item name="S0" rev="18">
<attrib name="value" value="31"/></item>
<item name="S1" rev="18">
<attrib name="value" value="21"/></item>
<item name="S2" rev="18">
<attrib name="value" value="16"/></item>
<item name="S3" rev="18">
<attrib name="value" value="15"/></item>
</group>
<group name="SLICEM_BFF">
<item name="CK" rev="18">
<attrib name="value" value="14"/></item>
<item name="D" rev="18">
<attrib name="value" value="14"/></item>
<item name="Q" rev="18">
<attrib name="value" value="14"/></item>
</group>
<group name="SLICEM_F7BMUX">
<item name="0" rev="18">
<attrib name="value" value="3"/></item>
<item name="1" rev="18">
<attrib name="value" value="3"/></item>
<item name="OUT" rev="18">
<attrib name="value" value="3"/></item>
<item name="S0" rev="18">
<attrib name="value" value="3"/></item>
</group>
<group name="SLICEL_DFF">
<item name="CE" rev="18">
<attrib name="value" value="28"/></item>
<item name="CK" rev="18">
<attrib name="value" value="94"/></item>
<item name="D" rev="18">
<attrib name="value" value="94"/></item>
<item name="Q" rev="18">
<attrib name="value" value="94"/></item>
<item name="REV" rev="18">
<attrib name="value" value="3"/></item>
<item name="SR" rev="18">
<attrib name="value" value="60"/></item>
</group>
<group name="SLICEM_A5LUT">
<item name="A1" rev="16">
<attrib name="value" value="3"/></item>
<item name="A2" rev="16">
<attrib name="value" value="3"/></item>
<item name="A3" rev="16">
<attrib name="value" value="3"/></item>
<item name="A4" rev="16">
<attrib name="value" value="3"/></item>
<item name="A5" rev="16">
<attrib name="value" value="3"/></item>
<item name="CLK" rev="16">
<attrib name="value" value="3"/></item>
<item name="DI1" rev="16">
<attrib name="value" value="3"/></item>
<item name="O5" rev="16">
<attrib name="value" value="2"/></item>
<item name="WA1" rev="16">
<attrib name="value" value="3"/></item>
<item name="WA2" rev="16">
<attrib name="value" value="3"/></item>
<item name="WA3" rev="16">
<attrib name="value" value="3"/></item>
<item name="WA4" rev="16">
<attrib name="value" value="3"/></item>
<item name="WA5" rev="16">
<attrib name="value" value="3"/></item>
<item name="WE" rev="16">
<attrib name="value" value="3"/></item>
</group>
<group name="SLICEL">
<item name="A" rev="18">
<attrib name="value" value="45"/></item>
<item name="A1" rev="18">
<attrib name="value" value="29"/></item>
<item name="A2" rev="18">
<attrib name="value" value="34"/></item>
<item name="A3" rev="18">
<attrib name="value" value="53"/></item>
<item name="A4" rev="18">
<attrib name="value" value="80"/></item>
<item name="A5" rev="18">
<attrib name="value" value="68"/></item>
<item name="A6" rev="18">
<attrib name="value" value="90"/></item>
<item name="AMUX" rev="18">
<attrib name="value" value="18"/></item>
<item name="AQ" rev="18">
<attrib name="value" value="130"/></item>
<item name="AX" rev="18">
<attrib name="value" value="112"/></item>
<item name="B" rev="18">
<attrib name="value" value="24"/></item>
<item name="B1" rev="18">
<attrib name="value" value="20"/></item>
<item name="B2" rev="18">
<attrib name="value" value="28"/></item>
<item name="B3" rev="18">
<attrib name="value" value="36"/></item>
<item name="B4" rev="18">
<attrib name="value" value="59"/></item>
<item name="B5" rev="18">
<attrib name="value" value="50"/></item>
<item name="B6" rev="18">
<attrib name="value" value="62"/></item>
<item name="BMUX" rev="18">
<attrib name="value" value="2"/></item>
<item name="BQ" rev="18">
<attrib name="value" value="103"/></item>
<item name="BX" rev="18">
<attrib name="value" value="80"/></item>
<item name="C" rev="18">
<attrib name="value" value="15"/></item>
<item name="C1" rev="18">
<attrib name="value" value="15"/></item>
<item name="C2" rev="18">
<attrib name="value" value="19"/></item>
<item name="C3" rev="18">
<attrib name="value" value="24"/></item>
<item name="C4" rev="18">
<attrib name="value" value="43"/></item>
<item name="C5" rev="18">
<attrib name="value" value="34"/></item>
<item name="C6" rev="18">
<attrib name="value" value="46"/></item>
<item name="CE" rev="18">
<attrib name="value" value="47"/></item>
<item name="CIN" rev="18">
<attrib name="value" value="22"/></item>
<item name="CLK" rev="18">
<attrib name="value" value="162"/></item>
<item name="CMUX" rev="18">
<attrib name="value" value="15"/></item>
<item name="COUT" rev="18">
<attrib name="value" value="13"/></item>
<item name="CQ" rev="18">
<attrib name="value" value="87"/></item>
<item name="CX" rev="18">
<attrib name="value" value="86"/></item>
<item name="D" rev="18">
<attrib name="value" value="21"/></item>
<item name="D1" rev="18">
<attrib name="value" value="17"/></item>
<item name="D2" rev="18">
<attrib name="value" value="23"/></item>
<item name="D3" rev="18">
<attrib name="value" value="34"/></item>
<item name="D4" rev="18">
<attrib name="value" value="54"/></item>
<item name="D5" rev="18">
<attrib name="value" value="43"/></item>
<item name="D6" rev="18">
<attrib name="value" value="55"/></item>
<item name="DMUX" rev="18">
<attrib name="value" value="2"/></item>
<item name="DQ" rev="18">
<attrib name="value" value="94"/></item>
<item name="DX" rev="18">
<attrib name="value" value="79"/></item>
<item name="SR" rev="18">
<attrib name="value" value="115"/></item>
</group>
<group name="SLICEM">
<item name="A" rev="18">
<attrib name="value" value="6"/></item>
<item name="A1" rev="18">
<attrib name="value" value="39"/></item>
<item name="A2" rev="18">
<attrib name="value" value="39"/></item>
<item name="A3" rev="18">
<attrib name="value" value="39"/></item>
<item name="A4" rev="18">
<attrib name="value" value="39"/></item>
<item name="A5" rev="18">
<attrib name="value" value="39"/></item>
<item name="A6" rev="18">
<attrib name="value" value="39"/></item>
<item name="AI" rev="18">
<attrib name="value" value="24"/></item>
<item name="AMUX" rev="18">
<attrib name="value" value="3"/></item>
<item name="AQ" rev="18">
<attrib name="value" value="20"/></item>
<item name="AX" rev="18">
<attrib name="value" value="15"/></item>
<item name="B" rev="18">
<attrib name="value" value="1"/></item>
<item name="B1" rev="18">
<attrib name="value" value="30"/></item>
<item name="B2" rev="18">
<attrib name="value" value="30"/></item>
<item name="B3" rev="18">
<attrib name="value" value="30"/></item>
<item name="B4" rev="18">
<attrib name="value" value="30"/></item>
<item name="B5" rev="18">
<attrib name="value" value="30"/></item>
<item name="B6" rev="18">
<attrib name="value" value="29"/></item>
<item name="BI" rev="18">
<attrib name="value" value="14"/></item>
<item name="BMUX" rev="18">
<attrib name="value" value="3"/></item>
<item name="BQ" rev="18">
<attrib name="value" value="14"/></item>
<item name="BX" rev="18">
<attrib name="value" value="13"/></item>
<item name="C" rev="18">
<attrib name="value" value="4"/></item>
<item name="C1" rev="18">
<attrib name="value" value="23"/></item>
<item name="C2" rev="18">
<attrib name="value" value="23"/></item>
<item name="C3" rev="18">
<attrib name="value" value="24"/></item>
<item name="C4" rev="18">
<attrib name="value" value="24"/></item>
<item name="C5" rev="18">
<attrib name="value" value="24"/></item>
<item name="C6" rev="18">
<attrib name="value" value="24"/></item>
<item name="CE" rev="18">
<attrib name="value" value="40"/></item>
<item name="CI" rev="18">
<attrib name="value" value="10"/></item>
<item name="CLK" rev="18">
<attrib name="value" value="40"/></item>
<item name="CMUX" rev="18">
<attrib name="value" value="1"/></item>
<item name="COUT" rev="18">
<attrib name="value" value="9"/></item>
<item name="CQ" rev="18">
<attrib name="value" value="8"/></item>
<item name="CX" rev="18">
<attrib name="value" value="13"/></item>
<item name="D" rev="18">
<attrib name="value" value="2"/></item>
<item name="D1" rev="18">
<attrib name="value" value="20"/></item>
<item name="D2" rev="18">
<attrib name="value" value="20"/></item>
<item name="D3" rev="18">
<attrib name="value" value="21"/></item>
<item name="D4" rev="18">
<attrib name="value" value="21"/></item>
<item name="D5" rev="18">
<attrib name="value" value="21"/></item>
<item name="D6" rev="18">
<attrib name="value" value="21"/></item>
<item name="DI" rev="18">
<attrib name="value" value="17"/></item>
<item name="DMUX" rev="18">
<attrib name="value" value="13"/></item>
<item name="DQ" rev="18">
<attrib name="value" value="7"/></item>
<item name="DX" rev="18">
<attrib name="value" value="11"/></item>
</group>
<group name="SLICEL_CYINITGND">
<item name="0" rev="18">
<attrib name="value" value="1"/></item>
</group>
<group name="SLICEL_A5LUT">
<item name="A1" rev="18">
<attrib name="value" value="1"/></item>
<item name="A3" rev="18">
<attrib name="value" value="2"/></item>
<item name="A4" rev="18">
<attrib name="value" value="2"/></item>
<item name="A5" rev="18">
<attrib name="value" value="2"/></item>
<item name="O5" rev="18">
<attrib name="value" value="20"/></item>
</group>
<group name="IOB_OUTBUF">
<item name="IN" rev="18">
<attrib name="value" value="1"/></item>
<item name="OUT" rev="18">
<attrib name="value" value="1"/></item>
</group>
<group name="SLICEM_CFF">
<item name="CK" rev="18">
<attrib name="value" value="8"/></item>
<item name="D" rev="18">
<attrib name="value" value="8"/></item>
<item name="Q" rev="18">
<attrib name="value" value="8"/></item>
</group>
<group name="BSCAN">
<item name="DRCK" rev="18">
<attrib name="value" value="1"/></item>
<item name="SEL" rev="18">
<attrib name="value" value="1"/></item>
<item name="SHIFT" rev="18">
<attrib name="value" value="1"/></item>
<item name="TDI" rev="18">
<attrib name="value" value="1"/></item>
<item name="TDO" rev="18">
<attrib name="value" value="1"/></item>
<item name="UPDATE" rev="18">
<attrib name="value" value="1"/></item>
</group>
<group name="OLOGIC_OUTFF">
<item name="CK" rev="18">
<attrib name="value" value="1"/></item>
<item name="D1" rev="18">
<attrib name="value" value="1"/></item>
<item name="Q" rev="18">
<attrib name="value" value="1"/></item>
</group>
<group name="SLICEM_C6LUT">
<item name="A1" rev="18">
<attrib name="value" value="23"/></item>
<item name="A2" rev="18">
<attrib name="value" value="23"/></item>
<item name="A3" rev="18">
<attrib name="value" value="24"/></item>
<item name="A4" rev="18">
<attrib name="value" value="24"/></item>
<item name="A5" rev="18">
<attrib name="value" value="24"/></item>
<item name="A6" rev="18">
<attrib name="value" value="24"/></item>
<item name="CLK" rev="18">
<attrib name="value" value="22"/></item>
<item name="DI1" rev="18">
<attrib name="value" value="12"/></item>
<item name="DI2" rev="18">
<attrib name="value" value="10"/></item>
<item name="MC31" rev="18">
<attrib name="value" value="14"/></item>
<item name="O6" rev="18">
<attrib name="value" value="24"/></item>
<item name="WE" rev="18">
<attrib name="value" value="22"/></item>
</group>
<group name="BUFG_BUFG">
<item name="I0" rev="18">
<attrib name="value" value="2"/></item>
<item name="O" rev="18">
<attrib name="value" value="2"/></item>
</group>
<group name="SLICEL_C6LUT">
<item name="A1" rev="18">
<attrib name="value" value="15"/></item>
<item name="A2" rev="18">
<attrib name="value" value="19"/></item>
<item name="A3" rev="18">
<attrib name="value" value="24"/></item>
<item name="A4" rev="18">
<attrib name="value" value="43"/></item>
<item name="A5" rev="18">
<attrib name="value" value="34"/></item>
<item name="A6" rev="18">
<attrib name="value" value="46"/></item>
<item name="O6" rev="18">
<attrib name="value" value="47"/></item>
</group>
<group name="RAMB18X2">
<item name="ADDRAL1" rev="18">
<attrib name="value" value="1"/></item>
<item name="ADDRAL10" rev="18">
<attrib name="value" value="1"/></item>
<item name="ADDRAL11" rev="18">
<attrib name="value" value="1"/></item>
<item name="ADDRAL12" rev="18">
<attrib name="value" value="1"/></item>
<item name="ADDRAL13" rev="18">
<attrib name="value" value="1"/></item>
<item name="ADDRAL14" rev="18">
<attrib name="value" value="1"/></item>
<item name="ADDRAL15" rev="18">
<attrib name="value" value="1"/></item>
<item name="ADDRAL2" rev="18">
<attrib name="value" value="1"/></item>
<item name="ADDRAL3" rev="18">
<attrib name="value" value="1"/></item>
<item name="ADDRAL4" rev="18">
<attrib name="value" value="1"/></item>
<item name="ADDRAL5" rev="18">
<attrib name="value" value="1"/></item>
<item name="ADDRAL6" rev="18">
<attrib name="value" value="1"/></item>
<item name="ADDRAL7" rev="18">
<attrib name="value" value="1"/></item>
<item name="ADDRAL8" rev="18">
<attrib name="value" value="1"/></item>
<item name="ADDRAL9" rev="18">
<attrib name="value" value="1"/></item>
<item name="ADDRBL1" rev="18">
<attrib name="value" value="1"/></item>
<item name="ADDRBL10" rev="18">
<attrib name="value" value="1"/></item>
<item name="ADDRBL11" rev="18">
<attrib name="value" value="1"/></item>
<item name="ADDRBL12" rev="18">
<attrib name="value" value="1"/></item>
<item name="ADDRBL13" rev="18">
<attrib name="value" value="1"/></item>
<item name="ADDRBL14" rev="18">
<attrib name="value" value="1"/></item>
<item name="ADDRBL15" rev="18">
<attrib name="value" value="1"/></item>
<item name="ADDRBL2" rev="18">
<attrib name="value" value="1"/></item>
<item name="ADDRBL3" rev="18">
<attrib name="value" value="1"/></item>
<item name="ADDRBL4" rev="18">
<attrib name="value" value="1"/></item>
<item name="ADDRBL5" rev="18">
<attrib name="value" value="1"/></item>
<item name="ADDRBL6" rev="18">
<attrib name="value" value="1"/></item>
<item name="ADDRBL7" rev="18">
<attrib name="value" value="1"/></item>
<item name="ADDRBL8" rev="18">
<attrib name="value" value="1"/></item>
<item name="ADDRBL9" rev="18">
<attrib name="value" value="1"/></item>
<item name="CLKAL" rev="18">
<attrib name="value" value="1"/></item>
<item name="CLKBL" rev="18">
<attrib name="value" value="1"/></item>
<item name="DIAL0" rev="18">
<attrib name="value" value="1"/></item>
<item name="DIAL1" rev="18">
<attrib name="value" value="1"/></item>
<item name="DIAL10" rev="18">
<attrib name="value" value="1"/></item>
<item name="DIAL11" rev="18">
<attrib name="value" value="1"/></item>
<item name="DIAL12" rev="18">
<attrib name="value" value="1"/></item>
<item name="DIAL13" rev="18">
<attrib name="value" value="1"/></item>
<item name="DIAL14" rev="18">
<attrib name="value" value="1"/></item>
<item name="DIAL15" rev="18">
<attrib name="value" value="1"/></item>
<item name="DIAL2" rev="18">
<attrib name="value" value="1"/></item>
<item name="DIAL3" rev="18">
<attrib name="value" value="1"/></item>
<item name="DIAL4" rev="18">
<attrib name="value" value="1"/></item>
<item name="DIAL5" rev="18">
<attrib name="value" value="1"/></item>
<item name="DIAL6" rev="18">
<attrib name="value" value="1"/></item>
<item name="DIAL7" rev="18">
<attrib name="value" value="1"/></item>
<item name="DIAL8" rev="18">
<attrib name="value" value="1"/></item>
<item name="DIAL9" rev="18">
<attrib name="value" value="1"/></item>
<item name="DIBL0" rev="18">
<attrib name="value" value="1"/></item>
<item name="DIBL1" rev="18">
<attrib name="value" value="1"/></item>
<item name="DIBL10" rev="18">
<attrib name="value" value="1"/></item>
<item name="DIBL11" rev="18">
<attrib name="value" value="1"/></item>
<item name="DIBL12" rev="18">
<attrib name="value" value="1"/></item>
<item name="DIBL13" rev="18">
<attrib name="value" value="1"/></item>
<item name="DIBL14" rev="18">
<attrib name="value" value="1"/></item>
<item name="DIBL15" rev="18">
<attrib name="value" value="1"/></item>
<item name="DIBL2" rev="18">
<attrib name="value" value="1"/></item>
<item name="DIBL3" rev="18">
<attrib name="value" value="1"/></item>
<item name="DIBL4" rev="18">
<attrib name="value" value="1"/></item>
<item name="DIBL5" rev="18">
<attrib name="value" value="1"/></item>
<item name="DIBL6" rev="18">
<attrib name="value" value="1"/></item>
<item name="DIBL7" rev="18">
<attrib name="value" value="1"/></item>
<item name="DIBL8" rev="18">
<attrib name="value" value="1"/></item>
<item name="DIBL9" rev="18">
<attrib name="value" value="1"/></item>
<item name="DIPAL0" rev="18">
<attrib name="value" value="1"/></item>
<item name="DIPAL1" rev="18">
<attrib name="value" value="1"/></item>
<item name="DIPBL0" rev="18">
<attrib name="value" value="1"/></item>
<item name="DIPBL1" rev="18">
<attrib name="value" value="1"/></item>
<item name="DOAL0" rev="18">
<attrib name="value" value="1"/></item>
<item name="DOAL1" rev="18">
<attrib name="value" value="1"/></item>
<item name="DOAL2" rev="18">
<attrib name="value" value="1"/></item>
<item name="DOAL3" rev="18">
<attrib name="value" value="1"/></item>
<item name="DOAL4" rev="18">
<attrib name="value" value="1"/></item>
<item name="DOAL5" rev="18">
<attrib name="value" value="1"/></item>
<item name="DOAL6" rev="18">
<attrib name="value" value="1"/></item>
<item name="DOAL7" rev="18">
<attrib name="value" value="1"/></item>
<item name="DOPAL0" rev="18">
<attrib name="value" value="1"/></item>
<item name="ENAL" rev="18">
<attrib name="value" value="1"/></item>
<item name="ENBL" rev="18">
<attrib name="value" value="1"/></item>
<item name="REGCEAL" rev="18">
<attrib name="value" value="1"/></item>
<item name="REGCEBL" rev="18">
<attrib name="value" value="1"/></item>
<item name="REGCLKAL" rev="18">
<attrib name="value" value="1"/></item>
<item name="REGCLKBL" rev="18">
<attrib name="value" value="1"/></item>
<item name="SSRAL" rev="18">
<attrib name="value" value="1"/></item>
<item name="SSRBL" rev="18">
<attrib name="value" value="1"/></item>
<item name="WEAL0" rev="18">
<attrib name="value" value="1"/></item>
<item name="WEAL1" rev="18">
<attrib name="value" value="1"/></item>
<item name="WEAL2" rev="18">
<attrib name="value" value="1"/></item>
<item name="WEAL3" rev="18">
<attrib name="value" value="1"/></item>
<item name="WEBL0" rev="18">
<attrib name="value" value="1"/></item>
<item name="WEBL1" rev="18">
<attrib name="value" value="1"/></item>
<item name="WEBL2" rev="18">
<attrib name="value" value="1"/></item>
<item name="WEBL3" rev="18">
<attrib name="value" value="1"/></item>
<item name="WEBL4" rev="18">
<attrib name="value" value="1"/></item>
<item name="WEBL5" rev="18">
<attrib name="value" value="1"/></item>
<item name="WEBL6" rev="18">
<attrib name="value" value="1"/></item>
<item name="WEBL7" rev="18">
<attrib name="value" value="1"/></item>
</group>
<group name="SLICEL_F7BMUX">
<item name="0" rev="18">
<attrib name="value" value="14"/></item>
<item name="1" rev="18">
<attrib name="value" value="14"/></item>
<item name="OUT" rev="18">
<attrib name="value" value="14"/></item>
<item name="S0" rev="18">
<attrib name="value" value="14"/></item>
</group>
<group name="SLICEM_DFF">
<item name="CK" rev="18">
<attrib name="value" value="7"/></item>
<item name="D" rev="18">
<attrib name="value" value="7"/></item>
<item name="Q" rev="18">
<attrib name="value" value="7"/></item>
</group>
<group name="SLICEM_B5LUT">
<item name="A1" rev="18">
<attrib name="value" value="1"/></item>
<item name="A2" rev="18">
<attrib name="value" value="1"/></item>
<item name="A3" rev="18">
<attrib name="value" value="1"/></item>
<item name="A4" rev="18">
<attrib name="value" value="1"/></item>
<item name="A5" rev="18">
<attrib name="value" value="1"/></item>
<item name="CLK" rev="18">
<attrib name="value" value="1"/></item>
<item name="DI1" rev="18">
<attrib name="value" value="1"/></item>
<item name="O5" rev="18">
<attrib name="value" value="1"/></item>
<item name="WE" rev="18">
<attrib name="value" value="1"/></item>
</group>
<group name="SLICEL_B5LUT">
<item name="A2" rev="18">
<attrib name="value" value="2"/></item>
<item name="A3" rev="18">
<attrib name="value" value="1"/></item>
<item name="A4" rev="18">
<attrib name="value" value="2"/></item>
<item name="A5" rev="18">
<attrib name="value" value="1"/></item>
<item name="O5" rev="18">
<attrib name="value" value="14"/></item>
</group>
<group name="SLICEM_F8MUX">
<item name="0" rev="18">
<attrib name="value" value="2"/></item>
<item name="1" rev="18">
<attrib name="value" value="2"/></item>
<item name="OUT" rev="18">
<attrib name="value" value="2"/></item>
<item name="S0" rev="18">
<attrib name="value" value="2"/></item>
</group>
<group name="BSCAN_BSCAN">
<item name="DRCK" rev="18">
<attrib name="value" value="1"/></item>
<item name="SEL" rev="18">
<attrib name="value" value="1"/></item>
<item name="SHIFT" rev="18">
<attrib name="value" value="1"/></item>
<item name="TDI" rev="18">
<attrib name="value" value="1"/></item>
<item name="TDO" rev="18">
<attrib name="value" value="1"/></item>
<item name="UPDATE" rev="18">
<attrib name="value" value="1"/></item>
</group>
<group name="SLICEM_F7AMUX">
<item name="0" rev="18">
<attrib name="value" value="5"/></item>
<item name="1" rev="18">
<attrib name="value" value="5"/></item>
<item name="OUT" rev="18">
<attrib name="value" value="5"/></item>
<item name="S0" rev="18">
<attrib name="value" value="5"/></item>
</group>
<group name="IOB_INBUF">
<item name="OUT" rev="18">
<attrib name="value" value="1"/></item>
<item name="PAD" rev="18">
<attrib name="value" value="1"/></item>
</group>
<group name="RAMB36_EXP_RAMB36_EXP">
<item name="ADDRAL10" rev="18">
<attrib name="value" value="1"/></item>
<item name="ADDRAL11" rev="18">
<attrib name="value" value="1"/></item>
<item name="ADDRAL12" rev="18">
<attrib name="value" value="1"/></item>
<item name="ADDRAL13" rev="18">
<attrib name="value" value="1"/></item>
<item name="ADDRAL14" rev="18">
<attrib name="value" value="1"/></item>
<item name="ADDRAL15" rev="18">
<attrib name="value" value="1"/></item>
<item name="ADDRAL4" rev="18">
<attrib name="value" value="1"/></item>
<item name="ADDRAL5" rev="18">
<attrib name="value" value="1"/></item>
<item name="ADDRAL6" rev="18">
<attrib name="value" value="1"/></item>
<item name="ADDRAL7" rev="18">
<attrib name="value" value="1"/></item>
<item name="ADDRAL8" rev="18">
<attrib name="value" value="1"/></item>
<item name="ADDRAL9" rev="18">
<attrib name="value" value="1"/></item>
<item name="ADDRAU10" rev="18">
<attrib name="value" value="1"/></item>
<item name="ADDRAU11" rev="18">
<attrib name="value" value="1"/></item>
<item name="ADDRAU12" rev="18">
<attrib name="value" value="1"/></item>
<item name="ADDRAU13" rev="18">
<attrib name="value" value="1"/></item>
<item name="ADDRAU14" rev="18">
<attrib name="value" value="1"/></item>
<item name="ADDRAU4" rev="18">
<attrib name="value" value="1"/></item>
<item name="ADDRAU5" rev="18">
<attrib name="value" value="1"/></item>
<item name="ADDRAU6" rev="18">
<attrib name="value" value="1"/></item>
<item name="ADDRAU7" rev="18">
<attrib name="value" value="1"/></item>
<item name="ADDRAU8" rev="18">
<attrib name="value" value="1"/></item>
<item name="ADDRAU9" rev="18">
<attrib name="value" value="1"/></item>
<item name="ADDRBL10" rev="18">
<attrib name="value" value="1"/></item>
<item name="ADDRBL11" rev="18">
<attrib name="value" value="1"/></item>
<item name="ADDRBL12" rev="18">
<attrib name="value" value="1"/></item>
<item name="ADDRBL13" rev="18">
<attrib name="value" value="1"/></item>
<item name="ADDRBL14" rev="18">
<attrib name="value" value="1"/></item>
<item name="ADDRBL15" rev="18">
<attrib name="value" value="1"/></item>
<item name="ADDRBL5" rev="18">
<attrib name="value" value="1"/></item>
<item name="ADDRBL6" rev="18">
<attrib name="value" value="1"/></item>
<item name="ADDRBL7" rev="18">
<attrib name="value" value="1"/></item>
<item name="ADDRBL8" rev="18">
<attrib name="value" value="1"/></item>
<item name="ADDRBL9" rev="18">
<attrib name="value" value="1"/></item>
<item name="ADDRBU10" rev="18">
<attrib name="value" value="1"/></item>
<item name="ADDRBU11" rev="18">
<attrib name="value" value="1"/></item>
<item name="ADDRBU12" rev="18">
<attrib name="value" value="1"/></item>
<item name="ADDRBU13" rev="18">
<attrib name="value" value="1"/></item>
<item name="ADDRBU14" rev="18">
<attrib name="value" value="1"/></item>
<item name="ADDRBU5" rev="18">
<attrib name="value" value="1"/></item>
<item name="ADDRBU6" rev="18">
<attrib name="value" value="1"/></item>
<item name="ADDRBU7" rev="18">
<attrib name="value" value="1"/></item>
<item name="ADDRBU8" rev="18">
<attrib name="value" value="1"/></item>
<item name="ADDRBU9" rev="18">
<attrib name="value" value="1"/></item>
<item name="CLKAL" rev="18">
<attrib name="value" value="1"/></item>
<item name="CLKAU" rev="18">
<attrib name="value" value="1"/></item>
<item name="CLKBL" rev="18">
<attrib name="value" value="1"/></item>
<item name="CLKBU" rev="18">
<attrib name="value" value="1"/></item>
<item name="DIA0" rev="18">
<attrib name="value" value="1"/></item>
<item name="DIA1" rev="18">
<attrib name="value" value="1"/></item>
<item name="DIA10" rev="18">
<attrib name="value" value="1"/></item>
<item name="DIA11" rev="18">
<attrib name="value" value="1"/></item>
<item name="DIA12" rev="18">
<attrib name="value" value="1"/></item>
<item name="DIA13" rev="18">
<attrib name="value" value="1"/></item>
<item name="DIA14" rev="18">
<attrib name="value" value="1"/></item>
<item name="DIA15" rev="18">
<attrib name="value" value="1"/></item>
<item name="DIA2" rev="18">
<attrib name="value" value="1"/></item>
<item name="DIA3" rev="18">
<attrib name="value" value="1"/></item>
<item name="DIA4" rev="18">
<attrib name="value" value="1"/></item>
<item name="DIA5" rev="18">
<attrib name="value" value="1"/></item>
<item name="DIA6" rev="18">
<attrib name="value" value="1"/></item>
<item name="DIA7" rev="18">
<attrib name="value" value="1"/></item>
<item name="DIA8" rev="18">
<attrib name="value" value="1"/></item>
<item name="DIA9" rev="18">
<attrib name="value" value="1"/></item>
<item name="DIB0" rev="18">
<attrib name="value" value="1"/></item>
<item name="DIB1" rev="18">
<attrib name="value" value="1"/></item>
<item name="DIB10" rev="18">
<attrib name="value" value="1"/></item>
<item name="DIB11" rev="18">
<attrib name="value" value="1"/></item>
<item name="DIB12" rev="18">
<attrib name="value" value="1"/></item>
<item name="DIB13" rev="18">
<attrib name="value" value="1"/></item>
<item name="DIB14" rev="18">
<attrib name="value" value="1"/></item>
<item name="DIB15" rev="18">
<attrib name="value" value="1"/></item>
<item name="DIB16" rev="18">
<attrib name="value" value="1"/></item>
<item name="DIB17" rev="18">
<attrib name="value" value="1"/></item>
<item name="DIB18" rev="18">
<attrib name="value" value="1"/></item>
<item name="DIB19" rev="18">
<attrib name="value" value="1"/></item>
<item name="DIB2" rev="18">
<attrib name="value" value="1"/></item>
<item name="DIB20" rev="18">
<attrib name="value" value="1"/></item>
<item name="DIB21" rev="18">
<attrib name="value" value="1"/></item>
<item name="DIB22" rev="18">
<attrib name="value" value="1"/></item>
<item name="DIB23" rev="18">
<attrib name="value" value="1"/></item>
<item name="DIB24" rev="18">
<attrib name="value" value="1"/></item>
<item name="DIB25" rev="18">
<attrib name="value" value="1"/></item>
<item name="DIB26" rev="18">
<attrib name="value" value="1"/></item>
<item name="DIB27" rev="18">
<attrib name="value" value="1"/></item>
<item name="DIB28" rev="18">
<attrib name="value" value="1"/></item>
<item name="DIB29" rev="18">
<attrib name="value" value="1"/></item>
<item name="DIB3" rev="18">
<attrib name="value" value="1"/></item>
<item name="DIB30" rev="18">
<attrib name="value" value="1"/></item>
<item name="DIB31" rev="18">
<attrib name="value" value="1"/></item>
<item name="DIB4" rev="18">
<attrib name="value" value="1"/></item>
<item name="DIB5" rev="18">
<attrib name="value" value="1"/></item>
<item name="DIB6" rev="18">
<attrib name="value" value="1"/></item>
<item name="DIB7" rev="18">
<attrib name="value" value="1"/></item>
<item name="DIB8" rev="18">
<attrib name="value" value="1"/></item>
<item name="DIB9" rev="18">
<attrib name="value" value="1"/></item>
<item name="DIPA0" rev="18">
<attrib name="value" value="1"/></item>
<item name="DIPA1" rev="18">
<attrib name="value" value="1"/></item>
<item name="DIPB0" rev="18">
<attrib name="value" value="1"/></item>
<item name="DIPB1" rev="18">
<attrib name="value" value="1"/></item>
<item name="DIPB2" rev="18">
<attrib name="value" value="1"/></item>
<item name="DIPB3" rev="18">
<attrib name="value" value="1"/></item>
<item name="DOA0" rev="18">
<attrib name="value" value="1"/></item>
<item name="DOA1" rev="18">
<attrib name="value" value="1"/></item>
<item name="DOA10" rev="18">
<attrib name="value" value="1"/></item>
<item name="DOA11" rev="18">
<attrib name="value" value="1"/></item>
<item name="DOA12" rev="18">
<attrib name="value" value="1"/></item>
<item name="DOA13" rev="18">
<attrib name="value" value="1"/></item>
<item name="DOA14" rev="18">
<attrib name="value" value="1"/></item>
<item name="DOA15" rev="18">
<attrib name="value" value="1"/></item>
<item name="DOA2" rev="18">
<attrib name="value" value="1"/></item>
<item name="DOA3" rev="18">
<attrib name="value" value="1"/></item>
<item name="DOA4" rev="18">
<attrib name="value" value="1"/></item>
<item name="DOA5" rev="18">
<attrib name="value" value="1"/></item>
<item name="DOA6" rev="18">
<attrib name="value" value="1"/></item>
<item name="DOA7" rev="18">
<attrib name="value" value="1"/></item>
<item name="DOA8" rev="18">
<attrib name="value" value="1"/></item>
<item name="DOA9" rev="18">
<attrib name="value" value="1"/></item>
<item name="DOPA0" rev="18">
<attrib name="value" value="1"/></item>
<item name="DOPA1" rev="18">
<attrib name="value" value="1"/></item>
<item name="ENAL" rev="18">
<attrib name="value" value="1"/></item>
<item name="ENAU" rev="18">
<attrib name="value" value="1"/></item>
<item name="ENBL" rev="18">
<attrib name="value" value="1"/></item>
<item name="ENBU" rev="18">
<attrib name="value" value="1"/></item>
<item name="REGCEAL" rev="18">
<attrib name="value" value="1"/></item>
<item name="REGCEAU" rev="18">
<attrib name="value" value="1"/></item>
<item name="REGCEBL" rev="18">
<attrib name="value" value="1"/></item>
<item name="REGCEBU" rev="18">
<attrib name="value" value="1"/></item>
<item name="REGCLKAL" rev="18">
<attrib name="value" value="1"/></item>
<item name="REGCLKAU" rev="18">
<attrib name="value" value="1"/></item>
<item name="REGCLKBL" rev="18">
<attrib name="value" value="1"/></item>
<item name="REGCLKBU" rev="18">
<attrib name="value" value="1"/></item>
<item name="SSRAL" rev="18">
<attrib name="value" value="1"/></item>
<item name="SSRAU" rev="18">
<attrib name="value" value="1"/></item>
<item name="SSRBL" rev="18">
<attrib name="value" value="1"/></item>
<item name="SSRBU" rev="18">
<attrib name="value" value="1"/></item>
<item name="WEAL0" rev="18">
<attrib name="value" value="1"/></item>
<item name="WEAL1" rev="18">
<attrib name="value" value="1"/></item>
<item name="WEAL2" rev="18">
<attrib name="value" value="1"/></item>
<item name="WEAL3" rev="18">
<attrib name="value" value="1"/></item>
<item name="WEAU0" rev="18">
<attrib name="value" value="1"/></item>
<item name="WEAU1" rev="18">
<attrib name="value" value="1"/></item>
<item name="WEAU2" rev="18">
<attrib name="value" value="1"/></item>
<item name="WEAU3" rev="18">
<attrib name="value" value="1"/></item>
<item name="WEBL0" rev="18">
<attrib name="value" value="1"/></item>
<item name="WEBL1" rev="18">
<attrib name="value" value="1"/></item>
<item name="WEBL2" rev="18">
<attrib name="value" value="1"/></item>
<item name="WEBL3" rev="18">
<attrib name="value" value="1"/></item>
<item name="WEBL4" rev="18">
<attrib name="value" value="1"/></item>
<item name="WEBL5" rev="18">
<attrib name="value" value="1"/></item>
<item name="WEBL6" rev="18">
<attrib name="value" value="1"/></item>
<item name="WEBL7" rev="18">
<attrib name="value" value="1"/></item>
<item name="WEBU0" rev="18">
<attrib name="value" value="1"/></item>
<item name="WEBU1" rev="18">
<attrib name="value" value="1"/></item>
<item name="WEBU2" rev="18">
<attrib name="value" value="1"/></item>
<item name="WEBU3" rev="18">
<attrib name="value" value="1"/></item>
<item name="WEBU4" rev="18">
<attrib name="value" value="1"/></item>
<item name="WEBU5" rev="18">
<attrib name="value" value="1"/></item>
<item name="WEBU6" rev="18">
<attrib name="value" value="1"/></item>
<item name="WEBU7" rev="18">
<attrib name="value" value="1"/></item>
</group>
<group name="SLICEM_D6LUT">
<item name="A1" rev="18">
<attrib name="value" value="20"/></item>
<item name="A2" rev="18">
<attrib name="value" value="20"/></item>
<item name="A3" rev="18">
<attrib name="value" value="21"/></item>
<item name="A4" rev="18">
<attrib name="value" value="21"/></item>
<item name="A5" rev="18">
<attrib name="value" value="21"/></item>
<item name="A6" rev="18">
<attrib name="value" value="21"/></item>
<item name="CLK" rev="18">
<attrib name="value" value="19"/></item>
<item name="DI1" rev="18">
<attrib name="value" value="2"/></item>
<item name="DI2" rev="18">
<attrib name="value" value="17"/></item>
<item name="MC31" rev="18">
<attrib name="value" value="11"/></item>
<item name="O6" rev="18">
<attrib name="value" value="21"/></item>
<item name="WE" rev="18">
<attrib name="value" value="19"/></item>
</group>
<group name="SLICEL_D6LUT">
<item name="A1" rev="18">
<attrib name="value" value="17"/></item>
<item name="A2" rev="18">
<attrib name="value" value="23"/></item>
<item name="A3" rev="18">
<attrib name="value" value="34"/></item>
<item name="A4" rev="18">
<attrib name="value" value="54"/></item>
<item name="A5" rev="18">
<attrib name="value" value="43"/></item>
<item name="A6" rev="18">
<attrib name="value" value="55"/></item>
<item name="O6" rev="18">
<attrib name="value" value="57"/></item>
</group>
<group name="SLICEM_C5LUT">
<item name="A1" rev="16">
<attrib name="value" value="3"/></item>
<item name="A2" rev="16">
<attrib name="value" value="3"/></item>
<item name="A3" rev="16">
<attrib name="value" value="3"/></item>
<item name="A4" rev="16">
<attrib name="value" value="3"/></item>
<item name="A5" rev="16">
<attrib name="value" value="3"/></item>
<item name="CLK" rev="16">
<attrib name="value" value="3"/></item>
<item name="DI1" rev="16">
<attrib name="value" value="3"/></item>
<item name="O5" rev="16">
<attrib name="value" value="3"/></item>
<item name="WA1" rev="16">
<attrib name="value" value="3"/></item>
<item name="WA2" rev="16">
<attrib name="value" value="3"/></item>
<item name="WA3" rev="16">
<attrib name="value" value="3"/></item>
<item name="WA4" rev="16">
<attrib name="value" value="3"/></item>
<item name="WA5" rev="16">
<attrib name="value" value="3"/></item>
<item name="WE" rev="16">
<attrib name="value" value="3"/></item>
</group>
<group name="SLICEL_C5LUT">
<item name="A1" rev="18">
<attrib name="value" value="1"/></item>
<item name="A2" rev="18">
<attrib name="value" value="1"/></item>
<item name="A3" rev="18">
<attrib name="value" value="1"/></item>
<item name="A4" rev="18">
<attrib name="value" value="2"/></item>
<item name="A5" rev="18">
<attrib name="value" value="1"/></item>
<item name="O5" rev="18">
<attrib name="value" value="13"/></item>
</group>
<group name="SLICEL_F7AMUX">
<item name="0" rev="18">
<attrib name="value" value="17"/></item>
<item name="1" rev="18">
<attrib name="value" value="17"/></item>
<item name="OUT" rev="18">
<attrib name="value" value="17"/></item>
<item name="S0" rev="18">
<attrib name="value" value="17"/></item>
</group>
<group name="RAMB18X2_RAMB18X2_LOWER">
<item name="ADDRAL1" rev="18">
<attrib name="value" value="1"/></item>
<item name="ADDRAL10" rev="18">
<attrib name="value" value="1"/></item>
<item name="ADDRAL11" rev="18">
<attrib name="value" value="1"/></item>
<item name="ADDRAL12" rev="18">
<attrib name="value" value="1"/></item>
<item name="ADDRAL13" rev="18">
<attrib name="value" value="1"/></item>
<item name="ADDRAL14" rev="18">
<attrib name="value" value="1"/></item>
<item name="ADDRAL15" rev="18">
<attrib name="value" value="1"/></item>
<item name="ADDRAL2" rev="18">
<attrib name="value" value="1"/></item>
<item name="ADDRAL3" rev="18">
<attrib name="value" value="1"/></item>
<item name="ADDRAL4" rev="18">
<attrib name="value" value="1"/></item>
<item name="ADDRAL5" rev="18">
<attrib name="value" value="1"/></item>
<item name="ADDRAL6" rev="18">
<attrib name="value" value="1"/></item>
<item name="ADDRAL7" rev="18">
<attrib name="value" value="1"/></item>
<item name="ADDRAL8" rev="18">
<attrib name="value" value="1"/></item>
<item name="ADDRAL9" rev="18">
<attrib name="value" value="1"/></item>
<item name="ADDRBL1" rev="18">
<attrib name="value" value="1"/></item>
<item name="ADDRBL10" rev="18">
<attrib name="value" value="1"/></item>
<item name="ADDRBL11" rev="18">
<attrib name="value" value="1"/></item>
<item name="ADDRBL12" rev="18">
<attrib name="value" value="1"/></item>
<item name="ADDRBL13" rev="18">
<attrib name="value" value="1"/></item>
<item name="ADDRBL14" rev="18">
<attrib name="value" value="1"/></item>
<item name="ADDRBL15" rev="18">
<attrib name="value" value="1"/></item>
<item name="ADDRBL2" rev="18">
<attrib name="value" value="1"/></item>
<item name="ADDRBL3" rev="18">
<attrib name="value" value="1"/></item>
<item name="ADDRBL4" rev="18">
<attrib name="value" value="1"/></item>
<item name="ADDRBL5" rev="18">
<attrib name="value" value="1"/></item>
<item name="ADDRBL6" rev="18">
<attrib name="value" value="1"/></item>
<item name="ADDRBL7" rev="18">
<attrib name="value" value="1"/></item>
<item name="ADDRBL8" rev="18">
<attrib name="value" value="1"/></item>
<item name="ADDRBL9" rev="18">
<attrib name="value" value="1"/></item>
<item name="CLKAL" rev="18">
<attrib name="value" value="1"/></item>
<item name="CLKBL" rev="18">
<attrib name="value" value="1"/></item>
<item name="DIAL0" rev="18">
<attrib name="value" value="1"/></item>
<item name="DIAL1" rev="18">
<attrib name="value" value="1"/></item>
<item name="DIAL10" rev="18">
<attrib name="value" value="1"/></item>
<item name="DIAL11" rev="18">
<attrib name="value" value="1"/></item>
<item name="DIAL12" rev="18">
<attrib name="value" value="1"/></item>
<item name="DIAL13" rev="18">
<attrib name="value" value="1"/></item>
<item name="DIAL14" rev="18">
<attrib name="value" value="1"/></item>
<item name="DIAL15" rev="18">
<attrib name="value" value="1"/></item>
<item name="DIAL2" rev="18">
<attrib name="value" value="1"/></item>
<item name="DIAL3" rev="18">
<attrib name="value" value="1"/></item>
<item name="DIAL4" rev="18">
<attrib name="value" value="1"/></item>
<item name="DIAL5" rev="18">
<attrib name="value" value="1"/></item>
<item name="DIAL6" rev="18">
<attrib name="value" value="1"/></item>
<item name="DIAL7" rev="18">
<attrib name="value" value="1"/></item>
<item name="DIAL8" rev="18">
<attrib name="value" value="1"/></item>
<item name="DIAL9" rev="18">
<attrib name="value" value="1"/></item>
<item name="DIBL0" rev="18">
<attrib name="value" value="1"/></item>
<item name="DIBL1" rev="18">
<attrib name="value" value="1"/></item>
<item name="DIBL10" rev="18">
<attrib name="value" value="1"/></item>
<item name="DIBL11" rev="18">
<attrib name="value" value="1"/></item>
<item name="DIBL12" rev="18">
<attrib name="value" value="1"/></item>
<item name="DIBL13" rev="18">
<attrib name="value" value="1"/></item>
<item name="DIBL14" rev="18">
<attrib name="value" value="1"/></item>
<item name="DIBL15" rev="18">
<attrib name="value" value="1"/></item>
<item name="DIBL2" rev="18">
<attrib name="value" value="1"/></item>
<item name="DIBL3" rev="18">
<attrib name="value" value="1"/></item>
<item name="DIBL4" rev="18">
<attrib name="value" value="1"/></item>
<item name="DIBL5" rev="18">
<attrib name="value" value="1"/></item>
<item name="DIBL6" rev="18">
<attrib name="value" value="1"/></item>
<item name="DIBL7" rev="18">
<attrib name="value" value="1"/></item>
<item name="DIBL8" rev="18">
<attrib name="value" value="1"/></item>
<item name="DIBL9" rev="18">
<attrib name="value" value="1"/></item>
<item name="DIPAL0" rev="18">
<attrib name="value" value="1"/></item>
<item name="DIPAL1" rev="18">
<attrib name="value" value="1"/></item>
<item name="DIPBL0" rev="18">
<attrib name="value" value="1"/></item>
<item name="DIPBL1" rev="18">
<attrib name="value" value="1"/></item>
<item name="DOAL0" rev="18">
<attrib name="value" value="1"/></item>
<item name="DOAL1" rev="18">
<attrib name="value" value="1"/></item>
<item name="DOAL2" rev="18">
<attrib name="value" value="1"/></item>
<item name="DOAL3" rev="18">
<attrib name="value" value="1"/></item>
<item name="DOAL4" rev="18">
<attrib name="value" value="1"/></item>
<item name="DOAL5" rev="18">
<attrib name="value" value="1"/></item>
<item name="DOAL6" rev="18">
<attrib name="value" value="1"/></item>
<item name="DOAL7" rev="18">
<attrib name="value" value="1"/></item>
<item name="DOPAL0" rev="18">
<attrib name="value" value="1"/></item>
<item name="ENAL" rev="18">
<attrib name="value" value="1"/></item>
<item name="ENBL" rev="18">
<attrib name="value" value="1"/></item>
<item name="REGCEAL" rev="18">
<attrib name="value" value="1"/></item>
<item name="REGCEBL" rev="18">
<attrib name="value" value="1"/></item>
<item name="REGCLKAL" rev="18">
<attrib name="value" value="1"/></item>
<item name="REGCLKBL" rev="18">
<attrib name="value" value="1"/></item>
<item name="SSRAL" rev="18">
<attrib name="value" value="1"/></item>
<item name="SSRBL" rev="18">
<attrib name="value" value="1"/></item>
<item name="WEAL0" rev="18">
<attrib name="value" value="1"/></item>
<item name="WEAL1" rev="18">
<attrib name="value" value="1"/></item>
<item name="WEAL2" rev="18">
<attrib name="value" value="1"/></item>
<item name="WEAL3" rev="18">
<attrib name="value" value="1"/></item>
<item name="WEBL0" rev="18">
<attrib name="value" value="1"/></item>
<item name="WEBL1" rev="18">
<attrib name="value" value="1"/></item>
<item name="WEBL2" rev="18">
<attrib name="value" value="1"/></item>
<item name="WEBL3" rev="18">
<attrib name="value" value="1"/></item>
<item name="WEBL4" rev="18">
<attrib name="value" value="1"/></item>
<item name="WEBL5" rev="18">
<attrib name="value" value="1"/></item>
<item name="WEBL6" rev="18">
<attrib name="value" value="1"/></item>
<item name="WEBL7" rev="18">
<attrib name="value" value="1"/></item>
</group>
<group name="SLICEL_AFF">
<item name="CE" rev="18">
<attrib name="value" value="42"/></item>
<item name="CK" rev="18">
<attrib name="value" value="130"/></item>
<item name="D" rev="18">
<attrib name="value" value="130"/></item>
<item name="Q" rev="18">
<attrib name="value" value="130"/></item>
<item name="REV" rev="18">
<attrib name="value" value="1"/></item>
<item name="SR" rev="18">
<attrib name="value" value="94"/></item>
</group>
<group name="IOB_PAD">
<item name="PAD" rev="18">
<attrib name="value" value="2"/></item>
</group>
<group name="SLICEM_A6LUT">
<item name="A1" rev="18">
<attrib name="value" value="39"/></item>
<item name="A2" rev="18">
<attrib name="value" value="39"/></item>
<item name="A3" rev="18">
<attrib name="value" value="39"/></item>
<item name="A4" rev="18">
<attrib name="value" value="39"/></item>
<item name="A5" rev="18">
<attrib name="value" value="39"/></item>
<item name="A6" rev="18">
<attrib name="value" value="39"/></item>
<item name="CLK" rev="18">
<attrib name="value" value="39"/></item>
<item name="DI1" rev="18">
<attrib name="value" value="15"/></item>
<item name="DI2" rev="18">
<attrib name="value" value="24"/></item>
<item name="MC31" rev="18">
<attrib name="value" value="13"/></item>
<item name="O6" rev="18">
<attrib name="value" value="39"/></item>
<item name="WE" rev="18">
<attrib name="value" value="39"/></item>
</group>
<group name="SLICEL_A6LUT">
<item name="A1" rev="18">
<attrib name="value" value="29"/></item>
<item name="A2" rev="18">
<attrib name="value" value="34"/></item>
<item name="A3" rev="18">
<attrib name="value" value="53"/></item>
<item name="A4" rev="18">
<attrib name="value" value="80"/></item>
<item name="A5" rev="18">
<attrib name="value" value="67"/></item>
<item name="A6" rev="18">
<attrib name="value" value="90"/></item>
<item name="O6" rev="18">
<attrib name="value" value="100"/></item>
</group>
<group name="SLICEL_CYINITVCC">
<item name="1" rev="18">
<attrib name="value" value="7"/></item>
</group>
<group name="IOB">
<item name="I" rev="18">
<attrib name="value" value="1"/></item>
<item name="O" rev="18">
<attrib name="value" value="1"/></item>
<item name="PAD" rev="18">
<attrib name="value" value="2"/></item>
</group>
<group name="OLOGIC">
<item name="CLK" rev="18">
<attrib name="value" value="1"/></item>
<item name="D1" rev="18">
<attrib name="value" value="1"/></item>
<item name="OQ" rev="18">
<attrib name="value" value="1"/></item>
</group>
<group name="SLICEM_D5LUT">
<item name="A1" rev="16">
<attrib name="value" value="3"/></item>
<item name="A2" rev="16">
<attrib name="value" value="3"/></item>
<item name="A3" rev="16">
<attrib name="value" value="3"/></item>
<item name="A4" rev="16">
<attrib name="value" value="3"/></item>
<item name="A5" rev="16">
<attrib name="value" value="3"/></item>
<item name="CLK" rev="16">
<attrib name="value" value="3"/></item>
<item name="DI1" rev="16">
<attrib name="value" value="3"/></item>
<item name="WA1" rev="16">
<attrib name="value" value="3"/></item>
<item name="WA2" rev="16">
<attrib name="value" value="3"/></item>
<item name="WA3" rev="16">
<attrib name="value" value="3"/></item>
<item name="WA4" rev="16">
<attrib name="value" value="3"/></item>
<item name="WA5" rev="16">
<attrib name="value" value="3"/></item>
<item name="WE" rev="16">
<attrib name="value" value="3"/></item>
</group>
<group name="SLICEM_CARRY4">
<item name="CO3" rev="18">
<attrib name="value" value="9"/></item>
<item name="CYINIT" rev="18">
<attrib name="value" value="9"/></item>
<item name="DI0" rev="18">
<attrib name="value" value="9"/></item>
<item name="DI1" rev="18">
<attrib name="value" value="9"/></item>
<item name="DI2" rev="18">
<attrib name="value" value="9"/></item>
<item name="DI3" rev="18">
<attrib name="value" value="9"/></item>
<item name="S0" rev="18">
<attrib name="value" value="9"/></item>
<item name="S1" rev="18">
<attrib name="value" value="9"/></item>
<item name="S2" rev="18">
<attrib name="value" value="9"/></item>
<item name="S3" rev="18">
<attrib name="value" value="9"/></item>
</group>
<group name="SLICEL_BFF">
<item name="CE" rev="18">
<attrib name="value" value="36"/></item>
<item name="CK" rev="18">
<attrib name="value" value="103"/></item>
<item name="D" rev="18">
<attrib name="value" value="103"/></item>
<item name="Q" rev="18">
<attrib name="value" value="103"/></item>
<item name="REV" rev="18">
<attrib name="value" value="1"/></item>
<item name="SR" rev="18">
<attrib name="value" value="70"/></item>
</group>
<group name="RAMB36_EXP">
<item name="ADDRAL10" rev="18">
<attrib name="value" value="1"/></item>
<item name="ADDRAL11" rev="18">
<attrib name="value" value="1"/></item>
<item name="ADDRAL12" rev="18">
<attrib name="value" value="1"/></item>
<item name="ADDRAL13" rev="18">
<attrib name="value" value="1"/></item>
<item name="ADDRAL14" rev="18">
<attrib name="value" value="1"/></item>
<item name="ADDRAL15" rev="18">
<attrib name="value" value="1"/></item>
<item name="ADDRAL4" rev="18">
<attrib name="value" value="1"/></item>
<item name="ADDRAL5" rev="18">
<attrib name="value" value="1"/></item>
<item name="ADDRAL6" rev="18">
<attrib name="value" value="1"/></item>
<item name="ADDRAL7" rev="18">
<attrib name="value" value="1"/></item>
<item name="ADDRAL8" rev="18">
<attrib name="value" value="1"/></item>
<item name="ADDRAL9" rev="18">
<attrib name="value" value="1"/></item>
<item name="ADDRAU10" rev="18">
<attrib name="value" value="1"/></item>
<item name="ADDRAU11" rev="18">
<attrib name="value" value="1"/></item>
<item name="ADDRAU12" rev="18">
<attrib name="value" value="1"/></item>
<item name="ADDRAU13" rev="18">
<attrib name="value" value="1"/></item>
<item name="ADDRAU14" rev="18">
<attrib name="value" value="1"/></item>
<item name="ADDRAU4" rev="18">
<attrib name="value" value="1"/></item>
<item name="ADDRAU5" rev="18">
<attrib name="value" value="1"/></item>
<item name="ADDRAU6" rev="18">
<attrib name="value" value="1"/></item>
<item name="ADDRAU7" rev="18">
<attrib name="value" value="1"/></item>
<item name="ADDRAU8" rev="18">
<attrib name="value" value="1"/></item>
<item name="ADDRAU9" rev="18">
<attrib name="value" value="1"/></item>
<item name="ADDRBL10" rev="18">
<attrib name="value" value="1"/></item>
<item name="ADDRBL11" rev="18">
<attrib name="value" value="1"/></item>
<item name="ADDRBL12" rev="18">
<attrib name="value" value="1"/></item>
<item name="ADDRBL13" rev="18">
<attrib name="value" value="1"/></item>
<item name="ADDRBL14" rev="18">
<attrib name="value" value="1"/></item>
<item name="ADDRBL15" rev="18">
<attrib name="value" value="1"/></item>
<item name="ADDRBL5" rev="18">
<attrib name="value" value="1"/></item>
<item name="ADDRBL6" rev="18">
<attrib name="value" value="1"/></item>
<item name="ADDRBL7" rev="18">
<attrib name="value" value="1"/></item>
<item name="ADDRBL8" rev="18">
<attrib name="value" value="1"/></item>
<item name="ADDRBL9" rev="18">
<attrib name="value" value="1"/></item>
<item name="ADDRBU10" rev="18">
<attrib name="value" value="1"/></item>
<item name="ADDRBU11" rev="18">
<attrib name="value" value="1"/></item>
<item name="ADDRBU12" rev="18">
<attrib name="value" value="1"/></item>
<item name="ADDRBU13" rev="18">
<attrib name="value" value="1"/></item>
<item name="ADDRBU14" rev="18">
<attrib name="value" value="1"/></item>
<item name="ADDRBU5" rev="18">
<attrib name="value" value="1"/></item>
<item name="ADDRBU6" rev="18">
<attrib name="value" value="1"/></item>
<item name="ADDRBU7" rev="18">
<attrib name="value" value="1"/></item>
<item name="ADDRBU8" rev="18">
<attrib name="value" value="1"/></item>
<item name="ADDRBU9" rev="18">
<attrib name="value" value="1"/></item>
<item name="CLKAL" rev="18">
<attrib name="value" value="1"/></item>
<item name="CLKAU" rev="18">
<attrib name="value" value="1"/></item>
<item name="CLKBL" rev="18">
<attrib name="value" value="1"/></item>
<item name="CLKBU" rev="18">
<attrib name="value" value="1"/></item>
<item name="DIA0" rev="18">
<attrib name="value" value="1"/></item>
<item name="DIA1" rev="18">
<attrib name="value" value="1"/></item>
<item name="DIA10" rev="18">
<attrib name="value" value="1"/></item>
<item name="DIA11" rev="18">
<attrib name="value" value="1"/></item>
<item name="DIA12" rev="18">
<attrib name="value" value="1"/></item>
<item name="DIA13" rev="18">
<attrib name="value" value="1"/></item>
<item name="DIA14" rev="18">
<attrib name="value" value="1"/></item>
<item name="DIA15" rev="18">
<attrib name="value" value="1"/></item>
<item name="DIA2" rev="18">
<attrib name="value" value="1"/></item>
<item name="DIA3" rev="18">
<attrib name="value" value="1"/></item>
<item name="DIA4" rev="18">
<attrib name="value" value="1"/></item>
<item name="DIA5" rev="18">
<attrib name="value" value="1"/></item>
<item name="DIA6" rev="18">
<attrib name="value" value="1"/></item>
<item name="DIA7" rev="18">
<attrib name="value" value="1"/></item>
<item name="DIA8" rev="18">
<attrib name="value" value="1"/></item>
<item name="DIA9" rev="18">
<attrib name="value" value="1"/></item>
<item name="DIB0" rev="18">
<attrib name="value" value="1"/></item>
<item name="DIB1" rev="18">
<attrib name="value" value="1"/></item>
<item name="DIB10" rev="18">
<attrib name="value" value="1"/></item>
<item name="DIB11" rev="18">
<attrib name="value" value="1"/></item>
<item name="DIB12" rev="18">
<attrib name="value" value="1"/></item>
<item name="DIB13" rev="18">
<attrib name="value" value="1"/></item>
<item name="DIB14" rev="18">
<attrib name="value" value="1"/></item>
<item name="DIB15" rev="18">
<attrib name="value" value="1"/></item>
<item name="DIB16" rev="18">
<attrib name="value" value="1"/></item>
<item name="DIB17" rev="18">
<attrib name="value" value="1"/></item>
<item name="DIB18" rev="18">
<attrib name="value" value="1"/></item>
<item name="DIB19" rev="18">
<attrib name="value" value="1"/></item>
<item name="DIB2" rev="18">
<attrib name="value" value="1"/></item>
<item name="DIB20" rev="18">
<attrib name="value" value="1"/></item>
<item name="DIB21" rev="18">
<attrib name="value" value="1"/></item>
<item name="DIB22" rev="18">
<attrib name="value" value="1"/></item>
<item name="DIB23" rev="18">
<attrib name="value" value="1"/></item>
<item name="DIB24" rev="18">
<attrib name="value" value="1"/></item>
<item name="DIB25" rev="18">
<attrib name="value" value="1"/></item>
<item name="DIB26" rev="18">
<attrib name="value" value="1"/></item>
<item name="DIB27" rev="18">
<attrib name="value" value="1"/></item>
<item name="DIB28" rev="18">
<attrib name="value" value="1"/></item>
<item name="DIB29" rev="18">
<attrib name="value" value="1"/></item>
<item name="DIB3" rev="18">
<attrib name="value" value="1"/></item>
<item name="DIB30" rev="18">
<attrib name="value" value="1"/></item>
<item name="DIB31" rev="18">
<attrib name="value" value="1"/></item>
<item name="DIB4" rev="18">
<attrib name="value" value="1"/></item>
<item name="DIB5" rev="18">
<attrib name="value" value="1"/></item>
<item name="DIB6" rev="18">
<attrib name="value" value="1"/></item>
<item name="DIB7" rev="18">
<attrib name="value" value="1"/></item>
<item name="DIB8" rev="18">
<attrib name="value" value="1"/></item>
<item name="DIB9" rev="18">
<attrib name="value" value="1"/></item>
<item name="DIPA0" rev="18">
<attrib name="value" value="1"/></item>
<item name="DIPA1" rev="18">
<attrib name="value" value="1"/></item>
<item name="DIPB0" rev="18">
<attrib name="value" value="1"/></item>
<item name="DIPB1" rev="18">
<attrib name="value" value="1"/></item>
<item name="DIPB2" rev="18">
<attrib name="value" value="1"/></item>
<item name="DIPB3" rev="18">
<attrib name="value" value="1"/></item>
<item name="DOA0" rev="18">
<attrib name="value" value="1"/></item>
<item name="DOA1" rev="18">
<attrib name="value" value="1"/></item>
<item name="DOA10" rev="18">
<attrib name="value" value="1"/></item>
<item name="DOA11" rev="18">
<attrib name="value" value="1"/></item>
<item name="DOA12" rev="18">
<attrib name="value" value="1"/></item>
<item name="DOA13" rev="18">
<attrib name="value" value="1"/></item>
<item name="DOA14" rev="18">
<attrib name="value" value="1"/></item>
<item name="DOA15" rev="18">
<attrib name="value" value="1"/></item>
<item name="DOA2" rev="18">
<attrib name="value" value="1"/></item>
<item name="DOA3" rev="18">
<attrib name="value" value="1"/></item>
<item name="DOA4" rev="18">
<attrib name="value" value="1"/></item>
<item name="DOA5" rev="18">
<attrib name="value" value="1"/></item>
<item name="DOA6" rev="18">
<attrib name="value" value="1"/></item>
<item name="DOA7" rev="18">
<attrib name="value" value="1"/></item>
<item name="DOA8" rev="18">
<attrib name="value" value="1"/></item>
<item name="DOA9" rev="18">
<attrib name="value" value="1"/></item>
<item name="DOPA0" rev="18">
<attrib name="value" value="1"/></item>
<item name="DOPA1" rev="18">
<attrib name="value" value="1"/></item>
<item name="ENAL" rev="18">
<attrib name="value" value="1"/></item>
<item name="ENAU" rev="18">
<attrib name="value" value="1"/></item>
<item name="ENBL" rev="18">
<attrib name="value" value="1"/></item>
<item name="ENBU" rev="18">
<attrib name="value" value="1"/></item>
<item name="REGCEAL" rev="18">
<attrib name="value" value="1"/></item>
<item name="REGCEAU" rev="18">
<attrib name="value" value="1"/></item>
<item name="REGCEBL" rev="18">
<attrib name="value" value="1"/></item>
<item name="REGCEBU" rev="18">
<attrib name="value" value="1"/></item>
<item name="REGCLKAL" rev="18">
<attrib name="value" value="1"/></item>
<item name="REGCLKAU" rev="18">
<attrib name="value" value="1"/></item>
<item name="REGCLKBL" rev="18">
<attrib name="value" value="1"/></item>
<item name="REGCLKBU" rev="18">
<attrib name="value" value="1"/></item>
<item name="SSRAL" rev="18">
<attrib name="value" value="1"/></item>
<item name="SSRAU" rev="18">
<attrib name="value" value="1"/></item>
<item name="SSRBL" rev="18">
<attrib name="value" value="1"/></item>
<item name="SSRBU" rev="18">
<attrib name="value" value="1"/></item>
<item name="WEAL0" rev="18">
<attrib name="value" value="1"/></item>
<item name="WEAL1" rev="18">
<attrib name="value" value="1"/></item>
<item name="WEAL2" rev="18">
<attrib name="value" value="1"/></item>
<item name="WEAL3" rev="18">
<attrib name="value" value="1"/></item>
<item name="WEAU0" rev="18">
<attrib name="value" value="1"/></item>
<item name="WEAU1" rev="18">
<attrib name="value" value="1"/></item>
<item name="WEAU2" rev="18">
<attrib name="value" value="1"/></item>
<item name="WEAU3" rev="18">
<attrib name="value" value="1"/></item>
<item name="WEBL0" rev="18">
<attrib name="value" value="1"/></item>
<item name="WEBL1" rev="18">
<attrib name="value" value="1"/></item>
<item name="WEBL2" rev="18">
<attrib name="value" value="1"/></item>
<item name="WEBL3" rev="18">
<attrib name="value" value="1"/></item>
<item name="WEBL4" rev="18">
<attrib name="value" value="1"/></item>
<item name="WEBL5" rev="18">
<attrib name="value" value="1"/></item>
<item name="WEBL6" rev="18">
<attrib name="value" value="1"/></item>
<item name="WEBL7" rev="18">
<attrib name="value" value="1"/></item>
<item name="WEBU0" rev="18">
<attrib name="value" value="1"/></item>
<item name="WEBU1" rev="18">
<attrib name="value" value="1"/></item>
<item name="WEBU2" rev="18">
<attrib name="value" value="1"/></item>
<item name="WEBU3" rev="18">
<attrib name="value" value="1"/></item>
<item name="WEBU4" rev="18">
<attrib name="value" value="1"/></item>
<item name="WEBU5" rev="18">
<attrib name="value" value="1"/></item>
<item name="WEBU6" rev="18">
<attrib name="value" value="1"/></item>
<item name="WEBU7" rev="18">
<attrib name="value" value="1"/></item>
</group>
<group name="SLICEL_D5LUT">
<item name="A2" rev="18">
<attrib name="value" value="1"/></item>
<item name="A4" rev="18">
<attrib name="value" value="1"/></item>
<item name="A5" rev="18">
<attrib name="value" value="1"/></item>
<item name="O5" rev="18">
<attrib name="value" value="12"/></item>
</group>
<group name="SLICEM_CYINITVCC">
<item name="1" rev="18">
<attrib name="value" value="9"/></item>
</group>
<group name="BUFG">
<item name="I0" rev="18">
<attrib name="value" value="2"/></item>
<item name="O" rev="18">
<attrib name="value" value="2"/></item>
</group>
<group name="SLICEM_AFF">
<item name="CK" rev="18">
<attrib name="value" value="20"/></item>
<item name="D" rev="18">
<attrib name="value" value="20"/></item>
<item name="Q" rev="18">
<attrib name="value" value="20"/></item>
</group>
</ReportPinData>
<CmdHistory>
</CmdHistory>
</DeviceUsageSummary>
